mth,lusa_band,current_to_30_roll_rate,30_to_60_roll_rate,60_to_90_roll_rate,90_to_120_roll_rate,120_to_150_roll_rate,150_to_180_roll_rate,Provision_rate_current,Provision_rate_0_to_30,Provision_rate_30_to_60,Provision_rate_60_to_90,Provision_rate_90_to_120,Provision_rate_120_to_150
0,0,0.2,0.6,0.877334884,0.88139377,0.96638345,0.97964856,0.086091938,0.43045969,0.717432817,0.817741126,0.927781832,0.960055589
0,50,0.176930104,0.6,0.964802892,0.954702588,0.994440265,0.996377098,0.094948518,0.536644224,0.894407041,0.927036028,0.971020755,0.976449556
0,100,0.171170465,0.6,0.951284849,0.909286901,0.99331289,0.999564462,0.086439958,0.504993419,0.841655699,0.884756758,0.973022659,0.979573173
0,150,0.147876591,0.6,0.946243742,0.956826665,0.99416655,0.990663306,0.077535086,0.524322917,0.873871528,0.923516309,0.965186634,0.97085004
0,200,0.151979371,0.6,0.944525505,0.900317636,0.972187775,0.990440817,0.073172872,0.481465817,0.802443028,0.849572641,0.943636565,0.970632
0,250,0.148414062,0.6,0.92551388,0.955583671,0.989518205,0.983364386,0.075100408,0.506019492,0.843365821,0.911240597,0.953595823,0.963697098
0,300,0.115847551,0.570914556,0.915886173,0.936373081,0.981082272,0.994401157,0.054230239,0.46811727,0.819942783,0.89524529,0.956077559,0.974513134
0,350,0.126383766,0.575714533,0.841722056,0.936916378,0.976009047,0.984341259,0.054024857,0.427466749,0.742497757,0.882117502,0.941511454,0.964654434
0,400,0.106281856,0.6,0.871990503,0.961110932,0.983596138,0.967190314,0.049825364,0.468804046,0.781340077,0.896041958,0.932298165,0.947846508
0,450,0.101570841,0.569521241,0.861955017,0.868401149,0.985544322,0.988095735,0.04132237,0.406833004,0.714342109,0.82874639,0.954335898,0.968333821
0,500,0.098514731,0.521561243,0.866286276,0.941717631,0.964732879,0.986379839,0.039090027,0.39679372,0.760780686,0.878209325,0.932561201,0.966652243
0,550,0.080534771,0.567540366,0.854508883,0.925446086,0.985201928,0.983898846,0.034335997,0.426349974,0.751224053,0.8791296,0.949952259,0.964220869
0,600,0.079330549,0.531872112,0.895401034,0.937336223,0.962678403,0.980693951,0.032764344,0.413010423,0.77652205,0.867233811,0.925211028,0.961080072
0,650,0.073573,0.497813522,0.881569762,0.947497412,0.972470338,0.976373586,0.028466779,0.386918832,0.777236485,0.881650572,0.930504464,0.956846114
0,700,0.060843493,0.48638428,0.836844116,0.956773246,0.987037282,0.976434373,0.022379478,0.3678204,0.756234144,0.903673849,0.944501586,0.956905685
0,750,0.056844251,0.491240425,0.880483044,0.939411917,0.97307843,0.97030543,0.02137175,0.375970304,0.765348871,0.869237489,0.925299619,0.950899322
0,800,0.047063964,0.467414855,0.882303748,0.963927195,0.964236274,0.962794499,0.017021449,0.361666272,0.773758617,0.876975326,0.909794153,0.943538609
0,850,0.042625656,0.469702543,0.878668749,0.951974197,0.983744051,0.957313429,0.015456341,0.362606525,0.771991829,0.878592564,0.922916363,0.938167161
0,900,0.035120605,0.490272566,0.886000901,0.963001212,0.936091882,0.926026851,0.012480406,0.355358513,0.724818269,0.818078479,0.849509293,0.907506314
0,950,0.019853255,0.400783088,0.893353783,0.951120011,0.986191919,0.96360954,0.006296345,0.317144214,0.79131137,0.885776033,0.931297863,0.944337349
1,0,0.2,0.6,0.837870952,0.972425991,0.993333401,0.995606388,0.094759711,0.473798554,0.789664257,0.942465251,0.969189697,0.97569426
1,50,0.194992914,0.6,0.90247764,0.958867609,0.987621244,0.93241065,0.091366902,0.468565246,0.780942076,0.865331219,0.902451195,0.913762437
1,100,0.183418373,0.58445053,0.852662125,0.955813254,0.991519405,0.960884675,0.081571636,0.44472991,0.76093679,0.892424757,0.933681086,0.941666982
1,150,0.15964743,0.578012447,0.84840108,0.966622586,0.980088425,0.974251564,0.070814097,0.44356553,0.767397886,0.904522524,0.935755628,0.954766533
1,200,0.128498276,0.528274433,0.841347824,0.950024242,1,0.979622955,0.052089739,0.405373062,0.767353171,0.912052244,0.960030496,0.960030496
1,250,0.145679733,0.499423917,0.88432125,0.954179459,0.964828347,0.954949913,0.055432609,0.380510096,0.761898026,0.861562499,0.902935492,0.935850915
1,300,0.134097332,0.539480026,0.823861716,0.927881322,0.981762665,0.989500892,0.052649111,0.392618629,0.727772319,0.88336708,0.952025932,0.969710874
1,350,0.125692584,0.490384259,0.826937453,0.955994445,0.969927943,0.968241864,0.04484599,0.356791053,0.727574441,0.879842167,0.920342343,0.948877027
1,400,0.109701279,0.517360238,0.758086314,0.930048752,0.964773038,0.946999515,0.035828622,0.326601676,0.631284841,0.832734782,0.895366808,0.928059525
1,450,0.104838042,0.503276442,0.845645116,0.912998938,0.952551175,0.984938973,0.037454813,0.35726357,0.709875409,0.839448364,0.91944068,0.965240193
1,500,0.104631326,0.431183933,0.787964597,0.941277528,0.962278294,0.970009644,0.030609167,0.292543049,0.678464632,0.861034411,0.914750841,0.950609451
1,550,0.085702888,0.418183959,0.76725899,0.89757563,0.985938548,0.956867648,0.02281937,0.266261394,0.636708771,0.829848563,0.924544446,0.937730295
1,600,0.081725015,0.432581242,0.807131418,0.929821899,0.965413438,0.958253083,0.024053947,0.294327842,0.680398995,0.842984154,0.906608195,0.939088021
1,650,0.070316893,0.427721483,0.790844292,0.922058244,0.968437937,0.95643582,0.019907823,0.283115799,0.661916248,0.836974174,0.907723758,0.937307104
1,700,0.059924355,0.408099002,0.782246398,0.921503335,0.959739519,0.956330137,0.015856111,0.264602116,0.648377267,0.828865775,0.899471269,0.937203534
1,750,0.053346882,0.376577714,0.706589647,0.936914132,0.962809114,0.967344152,0.012138862,0.227545868,0.604246771,0.855159389,0.91274041,0.947997268
1,800,0.044011362,0.35654728,0.770397181,0.930752575,0.980474326,0.946695627,0.01023537,0.232561989,0.652261288,0.846655861,0.909646541,0.927761714
1,850,0.038019164,0.37473067,0.774378972,0.942686041,0.953556171,0.979608373,0.009520665,0.250417521,0.66826001,0.862962496,0.915429377,0.960016206
1,900,0.02853087,0.30009771,0.689212488,0.923366391,0.972186645,0.885370423,0.004596271,0.161098174,0.536819072,0.778887617,0.843530395,0.867663015
1,950,0.01698572,0.279841032,0.772107791,0.916534622,0.937812543,0.880123134,0.002720869,0.160185703,0.572416783,0.741369003,0.808882704,0.862520672
2,0,0.2,0.517246687,0.806278141,0.976135349,0.905584772,0.873557259,0.063120322,0.315601608,0.610156848,0.756757274,0.775258548,0.856086114
2,50,0.154435649,0.6,0.923072282,0.946487676,0.940026013,0.897088008,0.066903753,0.433214439,0.722024065,0.782196669,0.826420342,0.879146248
2,100,0.196504719,0.6,0.851541074,0.957837009,0.884274967,0.953653623,0.079474082,0.40443854,0.674064234,0.791581586,0.826426186,0.93458055
2,150,0.169372961,0.46616009,0.858900919,0.958653506,0.960501673,0.913132608,0.055878142,0.329911819,0.707722145,0.823985782,0.85952409,0.894869956
2,200,0.146302855,0.512904976,0.791955623,0.912416032,0.982819638,0.910479114,0.047550311,0.325012868,0.633670724,0.800134132,0.876940018,0.892269531
2,250,0.15209354,0.551980314,0.77489412,0.915378673,0.986552411,0.979713168,0.056405661,0.370861651,0.671874778,0.867053654,0.94720762,0.960118904
2,300,0.146609516,0.452859113,0.767100888,0.869008634,0.958446049,0.94355325,0.039224915,0.267546855,0.590794901,0.770165842,0.886257987,0.924682185
2,350,0.11665082,0.475520812,0.79491599,0.927861487,0.962091515,0.974957941,0.03760885,0.322405359,0.678004729,0.852926268,0.919238787,0.955458782
2,400,0.106751076,0.44038146,0.739913105,0.892491133,0.944912217,0.940191618,0.027028369,0.253190596,0.574934731,0.777030069,0.870630575,0.921387786
2,450,0.109469291,0.485086799,0.779097876,0.909017816,0.967898398,0.951818272,0.033953618,0.31016569,0.639402455,0.820695929,0.902838112,0.932781906
2,500,0.105552152,0.453433898,0.782359305,0.892617231,0.970865902,0.938577428,0.029847504,0.282774949,0.623629927,0.797114476,0.893008165,0.91980588
2,550,0.093566676,0.416131958,0.721592268,0.918561875,0.943582037,0.933763181,0.022284097,0.238162753,0.572325073,0.793141915,0.863460521,0.915087918
2,600,0.086780193,0.4499162,0.814020747,0.904494102,0.951323342,0.939428581,0.025177433,0.2901288,0.644850752,0.792179751,0.875826331,0.92064001
2,650,0.078819457,0.416214658,0.791535372,0.913724418,0.943891799,0.939549815,0.02062075,0.261620053,0.628570013,0.794114874,0.869096698,0.920758819
2,700,0.063446176,0.409171481,0.781393828,0.895833468,0.964777728,0.950059024,0.016323452,0.257280308,0.62878358,0.804694838,0.89826387,0.931057843
2,750,0.058130423,0.391257548,0.749463864,0.890344452,0.958270051,0.93158683,0.013277377,0.228406687,0.583775798,0.778924543,0.874857524,0.912955094
2,800,0.047038634,0.380442132,0.755850055,0.906577415,0.976693928,0.940777401,0.011042192,0.234747292,0.617038104,0.816349884,0.900474543,0.921961853
2,850,0.038067509,0.323700833,0.821840344,0.913507596,0.934121156,0.91933088,0.007785724,0.204524137,0.63183074,0.768799859,0.841591096,0.900944262
2,900,0.02856052,0.288607064,0.739827774,0.860534162,0.991824149,0.989402384,0.005046677,0.176701164,0.612255158,0.827564442,0.961686913,0.969614336
2,950,0.018529995,0.253023362,0.621068078,0.87398584,0.940817222,0.972727369,0.002282454,0.12317617,0.486817379,0.783838997,0.896855488,0.953272822
3,0,0.2,0.6,0.870638931,0.897417019,0.966855362,0.976970884,0.086792628,0.433963139,0.723271898,0.830736913,0.925697747,0.957431466
3,50,0.195060579,0.6,0.904582927,0.954177538,0.97208757,0.932973011,0.089783986,0.460287702,0.767146171,0.848066161,0.888792838,0.914313551
3,100,0.2,0.430415313,0.79836818,0.959769766,0.997771321,0.951734224,0.06138479,0.306923949,0.713087894,0.893181757,0.930620852,0.932699539
3,150,0.160207392,0.503028236,0.79376309,0.964121238,0.953246585,0.974559278,0.056148358,0.350472953,0.696726203,0.87775082,0.910415397,0.955068092
3,200,0.146634696,0.512628044,0.832793304,0.905886462,0.954684357,0.94256762,0.050009038,0.341045053,0.665287544,0.798862744,0.881857471,0.923716268
3,250,0.152728067,0.550989383,0.790552838,0.95333904,0.943274023,0.958615044,0.056201584,0.367984648,0.667861595,0.844803235,0.886151936,0.939442743
3,300,0.137161018,0.461827323,0.755262296,0.924420099,0.94972141,0.945106372,0.038902768,0.283628458,0.614143952,0.813153199,0.879636001,0.926204245
3,350,0.129294823,0.513398036,0.797725792,0.927658624,0.958841693,0.960934641,0.044355144,0.343054293,0.66820336,0.837635397,0.902956514,0.941715948
3,400,0.121101879,0.466806109,0.799941811,0.924654363,0.915393101,0.948841989,0.035592037,0.293901604,0.629601025,0.787058528,0.851192142,0.929865149
3,450,0.108539869,0.453147318,0.754842661,0.923973258,0.90658792,0.933027078,0.028436412,0.261990477,0.578157403,0.765931011,0.828953657,0.914366536
3,500,0.103866084,0.474234425,0.72363987,0.880624488,0.937867771,0.952721029,0.027486125,0.264630417,0.558016042,0.771123959,0.875655821,0.933666609
3,550,0.099857487,0.420234305,0.754347849,0.889817306,0.933914745,0.95943548,0.024733964,0.247692633,0.589415546,0.781357761,0.878110322,0.94024677
3,600,0.086613446,0.390003194,0.753664756,0.892651355,0.966511869,0.947077696,0.020386019,0.235367837,0.60350233,0.800757001,0.897054597,0.928136142
3,650,0.077411913,0.427217398,0.76080412,0.924415408,0.955865357,0.934084931,0.020351945,0.262904564,0.615388243,0.80886555,0.875002237,0.915403232
3,700,0.067020517,0.393954964,0.709337486,0.884592173,0.944181958,0.951681295,0.014588937,0.217678676,0.552547108,0.778962227,0.880589102,0.932647669
3,750,0.057557572,0.363166646,0.700052378,0.884507412,0.941467809,0.918844297,0.01097271,0.190638864,0.524934947,0.74985096,0.847761081,0.900467411
3,800,0.046846284,0.345880631,0.706568393,0.902699351,0.943494861,0.953113447,0.009107705,0.1944168,0.562092186,0.795524101,0.881272487,0.934051178
3,850,0.038525356,0.323318999,0.686454972,0.896818973,0.921065392,0.947162184,0.00655595,0.170172335,0.526329525,0.766735688,0.854950343,0.928218941
3,900,0.029264711,0.242562523,0.659329499,0.855532847,0.946946295,0.900422458,0.003345838,0.114330115,0.471342866,0.714882115,0.835598677,0.882414009
3,950,0.01870596,0.217873006,0.643119391,0.870887912,0.919928294,0.955230156,0.001965737,0.105086123,0.482327411,0.749981136,0.861168383,0.936125553
4,0,0.166641096,0.52482377,0.873841073,0.873166002,0.98536854,0.996141551,0.064190492,0.385202052,0.733964568,0.839929126,0.961935215,0.97621872
4,50,0.2,0.571780997,0.806158854,0.92345144,0.958475238,0.866433704,0.0692846,0.346423001,0.605866587,0.751547396,0.813846146,0.84910503
4,100,0.192513786,0.446215768,0.834868787,0.988423933,0.942614952,0.98141561,0.064266047,0.333825687,0.748126155,0.896100282,0.906595088,0.961787298
4,150,0.174061669,0.466123348,0.701459044,0.922893529,0.937869215,0.988978195,0.047743362,0.274289921,0.588449222,0.838893199,0.908981559,0.969198631
4,200,0.158039908,0.464330161,0.737379218,0.937071161,0.944761454,0.966758872,0.04538617,0.287181704,0.618486001,0.838762452,0.895089387,0.947423694
4,250,0.140248136,0.474314385,0.735773472,0.859351856,0.942943607,0.971439771,0.037757759,0.269221114,0.567600567,0.771433856,0.897692663,0.952010976
4,300,0.158836366,0.47821629,0.799986169,0.913834135,0.940878433,0.923766479,0.047298346,0.297780332,0.622689645,0.778375513,0.851768919,0.90529115
4,350,0.122993907,0.479225477,0.791036002,0.924509906,0.977089327,0.954194648,0.039384799,0.320217482,0.668197952,0.84471244,0.913686738,0.935110755
4,400,0.124786825,0.435543646,0.788828191,0.905949368,0.966249236,0.940644712,0.034596138,0.277241914,0.636542209,0.806946578,0.89071929,0.921831818
4,450,0.117067034,0.442212235,0.724845765,0.913015182,0.959001502,0.95312418,0.030689077,0.262149606,0.592814005,0.817848477,0.895766569,0.934061696
4,500,0.11472575,0.440405167,0.75793581,0.919690816,0.94498871,0.897460666,0.029272223,0.255149546,0.579351846,0.76438115,0.831128393,0.879511453
4,550,0.108920385,0.438928396,0.705135579,0.862318388,0.945003999,0.935657968,0.025189524,0.231265471,0.526886557,0.747213121,0.866516512,0.916944809
4,600,0.090744598,0.408885624,0.750938101,0.865130025,0.94647736,0.949853289,0.021237382,0.234034672,0.572371974,0.762209261,0.88103434,0.930856223
4,650,0.081190798,0.392923916,0.735605554,0.915001161,0.975170513,0.968696371,0.019878162,0.244832698,0.623104595,0.847063473,0.925751254,0.949322444
4,700,0.07087936,0.379061773,0.711526021,0.913279544,0.951446843,0.930061946,0.015140729,0.21361266,0.563529944,0.792001877,0.867206412,0.911460707
4,750,0.061097074,0.377290542,0.737370499,0.849610758,0.9361338,0.948881708,0.012571241,0.205758486,0.545358187,0.739598597,0.870514634,0.929904074
4,800,0.049799817,0.323079427,0.677872118,0.889745144,0.933120398,0.953305472,0.008459531,0.169870727,0.525786271,0.775642275,0.871757806,0.934239363
4,850,0.041881252,0.273791457,0.726699963,0.876977905,0.952299451,0.898480605,0.006127618,0.146309323,0.534382351,0.735354862,0.838510135,0.880510993
4,900,0.032385779,0.283956914,0.631930636,0.886862475,0.954792008,0.930362623,0.004486623,0.138536829,0.487879753,0.772046369,0.870536741,0.911755371
4,950,0.022098089,0.251628273,0.595243772,0.947323843,0.980631041,0.861672459,0.002596459,0.117496976,0.466946637,0.784462869,0.828083105,0.84443901
5,0,0.156879633,0.551896833,0.830965495,0.837017933,0.935640641,1,0.05521758,0.351974182,0.637753583,0.767485036,0.916927828,0.98
5,50,0.2,0.437647278,0.771203068,0.847440865,0.972531832,0.974166795,0.05311236,0.265561801,0.606794134,0.786814991,0.928460053,0.954683459
5,100,0.191412295,0.462938897,0.760764662,0.907643045,0.991397028,0.970692268,0.057705097,0.30147017,0.651209419,0.855993255,0.943094601,0.951278423
5,150,0.179219718,0.535345832,0.751915942,0.894969592,0.96425524,0.9791636,0.059740813,0.333338397,0.622659927,0.828097786,0.92528036,0.959580328
5,200,0.154253797,0.498530523,0.814339387,0.900232075,0.961776081,0.989649196,0.052585846,0.34090471,0.683819133,0.839722533,0.932784507,0.969856212
5,250,0.158028854,0.525201487,0.830602986,0.915709007,0.949207333,0.982999729,0.057723661,0.365272923,0.695491028,0.837332685,0.91440914,0.963339735
5,300,0.154751918,0.413098492,0.761744172,0.86968699,0.940137265,0.969711291,0.037837424,0.244503746,0.591877606,0.777003131,0.893428486,0.950317065
5,350,0.142550763,0.419574622,0.717932173,0.918760233,0.936913036,0.957569551,0.034686466,0.243327113,0.579937631,0.807788887,0.879216207,0.93841816
5,400,0.129378932,0.462534358,0.764460404,0.857151938,0.965299409,0.957563109,0.03552024,0.274544234,0.59356506,0.776449712,0.9058484,0.938411847
5,450,0.12017557,0.369098126,0.745716071,0.893116049,0.944204016,0.913160621,0.024961951,0.207712355,0.562756461,0.754652452,0.844965727,0.894897408
5,500,0.113164526,0.403826689,0.758727808,0.889338201,0.957554148,0.919154518,0.026597219,0.235031413,0.582010598,0.767087474,0.862537417,0.900771428
5,550,0.110320847,0.39510225,0.760089435,0.877198181,0.952876498,0.932095918,0.025296056,0.229295335,0.58034429,0.763521058,0.870408848,0.913454
5,600,0.094048185,0.399014526,0.763650805,0.893762752,0.951657081,0.97767051,0.023353677,0.248316081,0.622323412,0.814931914,0.911798922,0.9581171
5,650,0.083931804,0.379481825,0.707270206,0.845936585,0.955933679,0.954384355,0.01703797,0.202997786,0.534934146,0.756336322,0.894081584,0.935296668
5,700,0.071851863,0.334598824,0.67966404,0.914419657,0.886815954,0.922476898,0.011978912,0.166716786,0.498258731,0.733095621,0.801705886,0.90402736
5,750,0.063487355,0.354931828,0.716184235,0.889805957,0.939776902,0.975383329,0.012899664,0.203184784,0.572461437,0.799321472,0.898309869,0.955875663
5,800,0.051411138,0.336444726,0.716756394,0.904523834,0.935971209,0.966922743,0.009945872,0.193457538,0.575005411,0.802232692,0.886911612,0.947584288
5,850,0.042459762,0.308695966,0.682881256,0.904536284,0.944848421,0.961439548,0.007207587,0.169750999,0.549897043,0.805260122,0.890246346,0.942210757
5,900,0.035660896,0.28492129,0.571298819,0.854835113,0.973366441,0.987250308,0.004672965,0.13103892,0.459912699,0.805030019,0.941737192,0.967505302
5,950,0.023688676,0.237226464,0.562739515,0.868969539,0.940183373,0.973720742,0.002465409,0.104075418,0.438717571,0.779610386,0.89716653,0.954246327
6,0,0.2,0.574026079,0.77604552,0.954271277,0.890497161,0.888929988,0.065954866,0.329774328,0.574493634,0.740283423,0.775757838,0.871151389
6,50,0.2,0.520956427,0.67504161,0.917322898,0.982137447,0.984713795,0.061149448,0.30574724,0.586895995,0.869421953,0.947781806,0.965019519
6,100,0.194420435,0.465745498,0.818532693,0.961232514,0.981748998,0.948448811,0.065012295,0.334390236,0.717967725,0.87713995,0.912515897,0.929479835
6,150,0.151129606,0.39309255,0.83864868,0.882661752,0.872907438,0.982843469,0.036974079,0.244651462,0.622376236,0.742117946,0.840772747,0.9631866
6,200,0.134513732,0.479225994,0.774031102,0.927225431,0.902495972,0.982094303,0.040186046,0.298750508,0.623402136,0.805396752,0.868609429,0.962452417
6,250,0.137239671,0.430858048,0.768965005,0.895210852,0.957892694,0.973741182,0.037207652,0.271114408,0.629242993,0.818298609,0.914084773,0.954266359
6,300,0.159701196,0.437333004,0.689304382,0.915238741,0.949045913,0.959234403,0.039310078,0.246147672,0.562838089,0.816530554,0.89215034,0.940049715
6,350,0.115450832,0.395546401,0.752176756,0.894149432,0.954808452,0.960469208,0.027602619,0.239085494,0.604443609,0.803592512,0.898722835,0.941259824
6,400,0.111657714,0.444222527,0.700880927,0.866590069,0.964228665,0.896803962,0.025530005,0.228645238,0.514708786,0.73437408,0.847429605,0.878867883
6,450,0.115109313,0.428429764,0.706816422,0.914384771,0.931087592,0.983004036,0.028588912,0.248363154,0.579705648,0.820164373,0.896957604,0.963343955
6,500,0.107515254,0.414954396,0.709871958,0.903391951,0.931583112,0.940077086,0.024554882,0.228385095,0.550386011,0.775331389,0.858244739,0.921275544
6,550,0.101244995,0.403347737,0.736273802,0.855913435,0.94909029,0.964825033,0.023094286,0.228102993,0.565524416,0.768089825,0.897391949,0.945528532
6,600,0.092229399,0.395309598,0.725642225,0.903464124,0.919336379,0.974751919,0.020991082,0.227596426,0.575742221,0.793424364,0.878202402,0.955256881
6,650,0.083403466,0.415004897,0.692202154,0.844457379,0.948004721,0.930967272,0.017499232,0.209814207,0.505570437,0.730379751,0.864910141,0.912347926
6,700,0.074029191,0.370129468,0.687601332,0.881710741,0.935041745,0.957384129,0.014573464,0.196861053,0.531870791,0.773516231,0.877290244,0.938236446
6,750,0.060084212,0.359406272,0.638789488,0.871601771,0.93421724,0.970738568,0.010685581,0.177843401,0.494825535,0.774630053,0.888743092,0.951323797
6,800,0.049294254,0.347093977,0.663107829,0.910984639,0.945353374,0.938355684,0.008985171,0.182276227,0.525149496,0.791951886,0.869336158,0.919588571
6,850,0.039938948,0.303947777,0.701054869,0.858095933,0.93314836,0.949420155,0.006340429,0.158753038,0.522303665,0.745025373,0.868230864,0.930431752
6,900,0.033625408,0.288858601,0.646289135,0.901842144,0.957869309,0.866176019,0.004603082,0.136892979,0.473909998,0.733278609,0.813089756,0.848852499
6,950,0.020533014,0.215392304,0.569385525,0.850078212,0.87175318,0.962771301,0.001760723,0.085750812,0.398114558,0.69920035,0.822512964,0.943515875
7,0,0.2,0.6,0.757488736,0.986996154,0.988390697,1,0.086901567,0.434507837,0.724179729,0.95602706,0.968622883,0.98
7,50,0.2,0.576034767,0.811385263,0.950634292,0.974594185,0.98754479,0.083815816,0.419079079,0.727523934,0.896644254,0.943206301,0.967793894
7,100,0.178144968,0.472253183,0.687654092,0.936580146,0.963389288,0.980460107,0.05015581,0.281544916,0.596173675,0.866967393,0.925673469,0.960850905
7,150,0.160513652,0.484177521,0.712815602,0.961617511,0.889192273,0.982814499,0.045623591,0.284234959,0.587046996,0.823560813,0.856432837,0.963158209
7,200,0.138485624,0.446185833,0.725726424,0.904223242,0.967777003,0.988359395,0.038008903,0.274461004,0.615127114,0.847601926,0.937381264,0.968592207
7,250,0.146930416,0.460161934,0.749763057,0.930663199,0.969092658,0.959663143,0.042998091,0.292642544,0.635955567,0.848208726,0.911402457,0.94046988
7,300,0.152284415,0.404948583,0.739473085,0.837089046,0.947575468,0.972227094,0.034463309,0.226308839,0.558858209,0.755751927,0.902833372,0.952782552
7,350,0.136206313,0.357658023,0.721800239,0.909957006,0.892822347,0.969845302,0.027151679,0.199342298,0.55735447,0.772172743,0.848581568,0.950448396
7,400,0.121981057,0.440398541,0.714938759,0.924530091,0.905127852,0.975425084,0.030722608,0.251863763,0.571899632,0.799928141,0.865226723,0.955916582
7,450,0.113688625,0.386566739,0.722888781,0.893600109,0.949887862,0.966456412,0.02554094,0.224656954,0.581159556,0.803940483,0.89966471,0.947127284
7,500,0.110758575,0.415571079,0.660608882,0.803959403,0.963697656,0.962885831,0.022230175,0.200708385,0.482970052,0.731098332,0.909372202,0.943628114
7,550,0.107514102,0.372866876,0.70739969,0.892096407,0.941505226,0.976548687,0.022794948,0.212018214,0.568616381,0.80381203,0.901037178,0.957017713
7,600,0.092994406,0.397724442,0.716262728,0.919242337,0.920938805,0.960227305,0.021104369,0.226942352,0.570601975,0.796637815,0.866624374,0.941022759
7,650,0.082565842,0.373898755,0.685483645,0.885930762,0.957189609,0.969270847,0.017045923,0.206452478,0.552161448,0.805506378,0.909220464,0.94988543
7,700,0.071832821,0.349377426,0.668362586,0.908032113,0.967580432,0.953517101,0.01377123,0.191712229,0.54872529,0.820999412,0.904152398,0.934446759
7,750,0.06467022,0.302427151,0.67278237,0.913907394,0.950119993,0.987488848,0.011057034,0.170975666,0.565344961,0.840308822,0.919468239,0.967739071
7,800,0.053445117,0.306519066,0.724624639,0.904265555,0.959032145,0.959690352,0.009681998,0.181157762,0.591016293,0.815617164,0.901966419,0.940496545
7,850,0.043103416,0.294003546,0.672554365,0.86697583,0.962970309,0.913620784,0.006370941,0.147805944,0.502735241,0.747501268,0.862193895,0.895348368
7,900,0.034687991,0.273209196,0.707426446,0.924066233,0.939638845,0.954378443,0.005444607,0.156959412,0.574502669,0.812102337,0.878835637,0.935290875
7,950,0.024061384,0.238679279,0.566537055,0.788921333,0.988884973,0.985876595,0.002452402,0.101922753,0.427028076,0.753751361,0.955420179,0.966159063
8,0,0.132902262,0.421384352,0.780477441,0.938394539,0.968089882,0.975431904,0.037957301,0.285603118,0.677773431,0.868408739,0.925419642,0.955923266
8,50,0.186456732,0.453207895,0.960991549,0.968351397,0.97956313,0.923866153,0.069742201,0.374039598,0.825315714,0.858816829,0.886885517,0.90538883
8,100,0.195601759,0.478456246,0.778626874,0.878294459,0.971793364,0.983264058,0.059931436,0.30639518,0.640382863,0.822451529,0.936418898,0.963598777
8,150,0.142093796,0.372498642,0.723983255,0.953335816,0.902503278,0.989459628,0.031970335,0.224994586,0.604014512,0.834293484,0.875130746,0.969670436
8,200,0.14521123,0.426927357,0.789085616,0.96351318,0.989559432,0.987169682,0.045122769,0.310738838,0.727849442,0.922396034,0.957325808,0.967426288
8,250,0.15222493,0.394791079,0.79989214,0.860921457,0.970727376,0.977302363,0.038476927,0.252763636,0.640246574,0.800416134,0.929720275,0.957756315
8,300,0.133041041,0.449833171,0.761211716,0.924861969,0.959971474,0.985051365,0.039044762,0.293479076,0.652417597,0.857077713,0.926708787,0.965350338
8,350,0.136549051,0.376502904,0.746345929,0.941853932,0.931416018,0.988384112,0.032604405,0.238774304,0.634189806,0.849726356,0.902184858,0.96861643
8,400,0.114070417,0.441382161,0.673298429,0.924573233,0.935560654,0.978194448,0.028109942,0.246426218,0.558305794,0.829210006,0.896857032,0.958630559
8,450,0.121249678,0.331790452,0.695055253,0.879119125,0.98857151,0.971236896,0.023129747,0.190761303,0.574945126,0.827193411,0.940934382,0.951812158
8,500,0.108314476,0.387602109,0.702517881,0.924688229,0.941112366,0.970775403,0.024418089,0.225436983,0.581619598,0.82790718,0.895336562,0.951359895
8,550,0.100393198,0.389556505,0.726939083,0.925445001,0.906237503,0.969226288,0.022647312,0.225586125,0.579084478,0.796606609,0.860782227,0.949841762
8,600,0.091127122,0.385598576,0.761716198,0.921606222,0.96026911,0.974481585,0.022621132,0.248237096,0.643770779,0.845158316,0.917049274,0.954991953
8,650,0.090319429,0.356288003,0.702295914,0.887364687,0.964471815,0.970494493,0.018395575,0.203672397,0.57165101,0.813974564,0.917294294,0.951084603
8,700,0.072850731,0.342555517,0.644600477,0.817267417,0.927890219,0.920106656,0.010999692,0.150989455,0.440773678,0.683793596,0.836682807,0.901704523
8,750,0.068654586,0.324856911,0.728990376,0.889288089,0.965501945,0.972786615,0.013308305,0.193844372,0.596706935,0.818538838,0.920442822,0.953330883
8,800,0.051261934,0.304533205,0.711752877,0.918726736,0.928425249,0.951942764,0.008841564,0.172478154,0.566368958,0.795738206,0.866131544,0.932903909
8,850,0.04068694,0.27854504,0.627312262,0.897241063,0.955020889,0.962129295,0.005744018,0.141175954,0.506833488,0.807944494,0.900476503,0.942886709
8,900,0.033051462,0.266968839,0.707831726,0.920654738,0.9398903,0.989999123,0.005243438,0.158644655,0.594244089,0.839527344,0.911880762,0.970199141
8,950,0.022918264,0.208636728,0.579298292,0.979643516,0.975005459,0.962343034,0.002495203,0.108873982,0.52183517,0.900805643,0.919523917,0.943096173
9,0,0.2,0.382372341,0.646527281,0.909385566,0.983066399,0.975375944,0.042250548,0.21125274,0.552479134,0.854533366,0.939682131,0.955868425
9,50,0.2,0.468439729,0.784204775,0.922210745,0.976222655,1,0.064821389,0.324106947,0.69188612,0.882277361,0.956698202,0.98
9,100,0.170739303,0.417306062,0.683967169,0.9677162,0.918152978,1,0.042433865,0.248530151,0.595558449,0.870741281,0.899789919,0.98
9,150,0.151740361,0.488345408,0.739026494,0.927568853,0.894030334,1,0.044505401,0.293299689,0.600598848,0.812689198,0.876149727,0.98
9,200,0.137680655,0.454441214,0.703531485,0.964793025,0.879908083,0.916516525,0.033563869,0.24378057,0.536440274,0.76249647,0.790321293,0.898186195
9,250,0.137505208,0.372470531,0.714903164,0.917441184,0.964571652,0.791147823,0.02512203,0.18269875,0.490505248,0.686114249,0.747856387,0.775324866
9,300,0.132475371,0.389439158,0.658923417,0.905462912,0.975077028,0.986280123,0.029009861,0.218983053,0.562303633,0.853367202,0.942465109,0.96655452
9,350,0.133866181,0.419820724,0.697043271,0.939301903,0.955797674,0.960613652,0.033108575,0.247325909,0.589122678,0.845173753,0.899789248,0.941401379
9,400,0.118339062,0.375569743,0.699593919,0.949425341,0.979273329,0.938048967,0.026575477,0.224570628,0.597946539,0.85470517,0.900234209,0.919287988
9,450,0.117093788,0.422095789,0.700014081,0.942189475,0.974008451,0.906380684,0.028202613,0.2408549,0.570616686,0.815150297,0.865165998,0.888253071
9,500,0.111909047,0.418710178,0.678885744,0.926011186,0.946975453,0.967483392,0.026448433,0.236338653,0.56444449,0.831427814,0.897859363,0.948133724
9,550,0.108010098,0.360575719,0.739355163,0.856545157,0.98929477,0.958558231,0.02292105,0.212212099,0.588536854,0.79601372,0.929330711,0.939387066
9,600,0.092465202,0.378959249,0.745688493,0.909942867,0.972022943,0.970980917,0.021991542,0.237835875,0.627602771,0.841642022,0.924939414,0.951561298
9,650,0.084094375,0.380806661,0.729411046,0.846283801,0.964276013,0.944335753,0.017640615,0.209771639,0.550861266,0.75521377,0.892388309,0.925449038
9,700,0.073007203,0.364483417,0.625509205,0.875896518,0.91281911,0.969295186,0.012641449,0.173153444,0.475065356,0.759485794,0.867095346,0.949909283
9,750,0.068207761,0.320604387,0.709564276,0.833876568,0.974690574,0.962228849,0.011892358,0.174354912,0.543831961,0.766430864,0.919117882,0.942984272
9,800,0.049617734,0.317974165,0.666901925,0.840566602,0.910823358,0.976132632,0.007706052,0.155308421,0.488430942,0.732387962,0.871302714,0.95660998
9,850,0.04141294,0.281790034,0.670146834,0.864438621,0.913526993,0.974798278,0.005899674,0.142459683,0.505552597,0.754390785,0.872694448,0.955302312
9,900,0.032607014,0.282944249,0.668958149,0.844143466,0.984744105,0.96456764,0.004849637,0.148729883,0.525650843,0.785775378,0.930855251,0.945276287
9,950,0.023920531,0.230343149,0.607258329,0.849150331,0.8496746,0.961755615,0.002275347,0.095121087,0.412953837,0.680029926,0.800835731,0.942520502
10,0,0.18794152,0.433236688,0.810138086,0.645938073,0.937019168,1,0.03912663,0.208185132,0.480534401,0.593151229,0.918278785,0.98
10,50,0.170669674,0.503446058,0.686909056,0.900439098,0.897374222,1,0.046737185,0.273845871,0.543942824,0.791870218,0.879426737,0.98
10,100,0.191339647,0.411780305,0.730345886,0.883043882,0.98329789,0.990703242,0.048510548,0.253531083,0.615695019,0.843018399,0.95467328,0.970889177
10,150,0.158885566,0.382480568,0.793371191,0.917283628,0.97472617,1,0.042245708,0.265887638,0.695166397,0.876218351,0.955231647,0.98
10,200,0.146228704,0.487615202,0.677108796,0.798921948,0.89784842,0.882829381,0.029962535,0.20490187,0.420212227,0.620597796,0.776794026,0.865172794
10,250,0.148067101,0.468617538,0.628792181,0.950559821,1,1,0.040643376,0.274492953,0.585750491,0.931548625,0.98,0.98
10,300,0.126236427,0.423778892,0.774406482,0.794408224,0.964025406,0.989408265,0.030762868,0.243692476,0.575046282,0.742563881,0.93473841,0.9696201
10,350,0.126990083,0.332022741,0.656430157,0.903715079,0.995044882,0.991867137,0.024192455,0.190506646,0.573775898,0.874085219,0.967213272,0.972029794
10,400,0.116357937,0.406849442,0.679341605,0.927586389,0.942696621,0.911491351,0.025120189,0.215887195,0.53063166,0.781096957,0.842074621,0.893261524
10,450,0.107239239,0.379196302,0.692520999,0.817596073,0.942446702,0.992934698,0.021115099,0.196897136,0.519248566,0.749794687,0.917072271,0.973076004
10,500,0.110388633,0.383844242,0.748020384,0.94100283,0.957197465,0.969779836,0.027132169,0.245787707,0.640331884,0.856035341,0.909705385,0.950384239
10,550,0.099015999,0.394144557,0.743007546,0.900047314,0.975734138,0.994097889,0.024808825,0.250553703,0.635689871,0.855563143,0.950575742,0.974215931
10,600,0.08927894,0.392516066,0.697146925,0.922120664,0.964999359,0.965626572,0.020572205,0.230426178,0.587049036,0.842073622,0.913192443,0.946314041
10,650,0.077782169,0.385210015,0.606641058,0.885795519,0.950485647,0.960739789,0.014408551,0.185242343,0.480886622,0.792703717,0.894905992,0.941524993
10,700,0.071802929,0.338208449,0.643281448,0.907370123,0.983520082,0.994693252,0.013589723,0.189264183,0.559608086,0.869927289,0.958734773,0.974799387
10,750,0.06156481,0.334352198,0.732146518,0.898950624,0.97227436,0.965052704,0.012457661,0.202350351,0.605201199,0.826612139,0.91953008,0.94575165
10,800,0.051211939,0.366073652,0.626990226,0.828614185,0.95549316,0.986986917,0.009001562,0.175770772,0.480151388,0.765803625,0.924198064,0.967247179
10,850,0.044421428,0.389376715,0.676806323,0.909368147,0.921641838,0.972889012,0.009354449,0.210584148,0.540823682,0.799081899,0.878722113,0.953431231
10,900,0.029661426,0.283523277,0.613258549,0.824192838,0.995735004,0.978236525,0.004057578,0.13679647,0.482487617,0.786760523,0.954583062,0.958671794
10,950,0.025114868,0.219507115,0.599442547,0.903719926,0.978070793,0.938872381,0.002687595,0.107012116,0.487510925,0.813273811,0.89991798,0.920094933
11,0,0.2,0.6,0.598758868,0.967462325,1,0.946169206,0.064455822,0.32227911,0.53713185,0.897075398,0.927245822,0.927245822
11,50,0.166321706,0.327300781,0.673824904,0.845490786,1,1,0.030393309,0.182738078,0.558318493,0.828580971,0.98,0.98
11,100,0.195780446,0.462414264,0.739585043,1,1,0,0,0,0,0,0,0
11,150,0.166793936,0.473173009,0.899909313,0.673274511,0.942925928,1,0.044187028,0.264919872,0.559879509,0.622151033,0.924067409,0.98
11,200,0.140583664,0.442060076,0.862411656,0.956941532,1,0.988934111,0.049706091,0.353569463,0.7998222,0.927425081,0.969155429,0.969155429
11,250,0.146440224,0.378824964,0.829851244,0.936787068,0.932084298,1,0.039393211,0.269005398,0.710104727,0.855701226,0.913442612,0.98
11,300,0.12906353,0.417464559,0.71372895,0.943388996,0.821859218,0.982091893,0.028696102,0.222340902,0.53259827,0.746219234,0.79099845,0.962450056
11,350,0.141934929,0.31240147,0.645424254,0.953584157,0.954848907,0.993037587,0.025359056,0.178666774,0.571913999,0.886105527,0.929236838,0.973176835
11,400,0.11478757,0.408366604,0.71967835,0.912762855,0.98599762,1,0.029753867,0.259208093,0.634743612,0.881982363,0.966277668,0.98
11,450,0.109603061,0.402128557,0.654553102,0.874818644,0.962335436,1,0.023801431,0.217160276,0.540026994,0.825031602,0.943088727,0.98
11,500,0.101378889,0.415295527,0.747284015,0.91281627,0.972085099,0.971529646,0.026580324,0.262187955,0.631328628,0.844830902,0.925521302,0.952099053
11,550,0.094096142,0.370591583,0.699306992,0.909731681,0.979886047,0.989081847,0.021070869,0.223929145,0.604247789,0.864066563,0.949803751,0.96930021
11,600,0.089944135,0.321146756,0.679850083,0.928049857,0.923064452,0.973734808,0.016053127,0.178478867,0.555754848,0.817466765,0.880843587,0.954260112
11,650,0.082495622,0.321691924,0.733270737,0.908661102,0.940537974,0.910282743,0.014835974,0.179839534,0.559042738,0.762396084,0.839032377,0.892077088
11,700,0.075981974,0.289716711,0.747703968,0.888990816,0.968820406,0.967499308,0.013440985,0.176897023,0.610586188,0.816614883,0.918586411,0.948149322
11,750,0.063011932,0.327666768,0.553226508,0.957790907,0.876821629,0.983464736,0.009245385,0.146724355,0.44778528,0.809406768,0.845076689,0.963795441
11,800,0.050190793,0.277608126,0.717594183,0.923602818,0.970521373,0.984130493,0.008643791,0.172218658,0.620366056,0.864508201,0.936017284,0.964447883
11,850,0.044835139,0.276816963,0.617793428,0.879511881,0.926944059,0.983133791,0.006022661,0.134329042,0.485263044,0.785477836,0.893083826,0.963471115
11,900,0.0339275,0.294650274,0.659272938,0.91850742,0.995433563,0.982203949,0.005800249,0.170960114,0.580213661,0.880081112,0.958164401,0.96255987
11,950,0.02535614,0.164205536,0.433677957,0.87819764,0.957205964,0.947578789,0.00140954,0.055589685,0.338537214,0.78061891,0.888887506,0.928627213
12,0,0.160187267,0.539143634,0.378938363,1,0,0,0,0,0,0,0,0
12,50,0.190904854,0.6,0.976200481,0.991832618,0.991354909,1,0.107745927,0.564395953,0.940659922,0.963592972,0.971527811,0.98
12,100,0.191372178,0.256643693,0.863658865,0.916666673,0,0,0,0,0,0,0,0
12,150,0.165668283,0.353801359,0.540886064,0.722137588,1,1,0.022436272,0.135428889,0.382782274,0.707694836,0.98,0.98
12,200,0.13393707,0.311230272,0.755812617,0.984146119,0.832536545,0.500004132,0.012649091,0.094440555,0.303442702,0.401478746,0.407946278,0.490004049
12,250,0.138637751,0.341623,0.657550217,0.63270767,1,0,0,0,0,0,0,0
12,300,0.129547718,0.373952915,0.682511993,0.991436795,1,1,0.032125366,0.24798095,0.663134153,0.971608059,0.98,0.98
12,350,0.143579653,0.43958146,0.604811901,0.927180216,0.974410658,1,0.033797521,0.235392138,0.535491505,0.885385198,0.954922444,0.98
12,400,0.102350439,0.38163687,0.642688453,0.910858563,0.91553562,0,0,0,0,0,0,0
12,450,0.120144625,0.332290236,0.698717852,0.991302869,1,1,0.027099184,0.225554688,0.678788192,0.971476812,0.98,0.98
12,500,0.112403086,0.305340435,0.648926032,0.988506293,1,1,0.021575619,0.191948636,0.628638117,0.968736167,0.98,0.98
12,550,0.090990797,0.363484978,0.731331058,0.795676747,0.937417642,0.938768698,0.016597872,0.182412649,0.501843707,0.686205927,0.862417972,0.919993324
12,600,0.084037016,0.36842613,0.691369239,0.917653027,0.960920353,0.962503941,0.017804328,0.211862925,0.575048585,0.831753211,0.906391835,0.943253862
12,650,0.079525724,0.34559028,0.687894506,0.853670766,0.978871725,0.969352578,0.015007731,0.188715425,0.546066934,0.79382366,0.929894394,0.949965527
12,700,0.076245564,0.301089002,0.783454637,0.911104688,0.980724625,0.949564762,0.014955101,0.196143885,0.65144819,0.831507224,0.912636314,0.930573467
12,750,0.062765497,0.321942898,0.56676575,0.889360777,0.946165811,0.970473054,0.009165543,0.146028366,0.45358468,0.800303618,0.899863856,0.951063593
12,800,0.051689368,0.257479359,0.644705403,0.895003515,1,0.904706913,0.006808692,0.131723255,0.51158763,0.793521549,0.886612775,0.886612775
12,850,0.040665955,0.282687072,0.681409833,0.919317689,0.932876798,0.97625873,0.006427265,0.158050276,0.559099766,0.8205044,0.892514535,0.956733555
12,900,0.031342735,0.213185098,0.695165763,0.914742999,0.953204408,0.846161057,0.003358508,0.107154266,0.502634878,0.7230432,0.79043316,0.829237835
12,950,0.027653733,0.233383358,0.728110739,0.702016778,0.803624268,1,0.002598051,0.093949383,0.402553908,0.552874566,0.787551783,0.98
13,0,0.102101624,0.389854284,1,0,0,0,0,0,0,0,0,0
13,50,0.112718021,0.307219312,0.245581948,1,1,1,0.008334209,0.073938567,0.240670309,0.98,0.98,0.98
13,100,0.158624783,0.31678676,0.430904742,0,0,0,0,0,0,0,0,0
13,150,0.166680683,0.379177423,1,0.81010328,0.804711472,1,0.040377033,0.242241825,0.638861415,0.638861415,0.788617243,0.98
13,200,0.135624709,0.405409551,0.518537071,1,1,1,0.02794079,0.206015484,0.50816633,0.98,0.98,0.98
13,250,0.112782723,0.308504919,0.667580528,1,1,1,0.022763257,0.201832839,0.654228918,0.98,0.98,0.98
13,300,0.124668004,0.419126581,0.590539343,0.800157773,1,0.817344857,0.019776803,0.158635755,0.378491277,0.640924743,0.80099796,0.80099796
13,350,0.127963595,0.408736836,0.617027272,0.916527702,0.3064452,1,0.008882988,0.069418086,0.169835649,0.275248205,0.300316296,0.98
13,400,0.101665174,0.340452738,0.510974547,0.774674316,1,0,0,0,0,0,0,0
13,450,0.099195791,0.371245579,0.719544038,0.968137288,0.718264694,1,0.018057576,0.182039742,0.490348579,0.681471256,0.7038994,0.98
13,500,0.098654598,0.367748006,0.753737956,0.679882082,0.649476267,0.956008968,0.011312874,0.114671537,0.311820963,0.413699431,0.608487033,0.936888788
13,550,0.078640979,0.390866488,0.812357605,0.75973667,0.860158794,1,0.015991618,0.203349676,0.520253546,0.640424294,0.842955618,0.98
13,600,0.078951369,0.374024654,0.799898786,0.950815857,0.957746571,1,0.021079875,0.266998219,0.713851925,0.892427815,0.93859164,0.98
13,650,0.07265453,0.358737385,0.568705342,0.760450039,0.930483553,0.957166266,0.009838287,0.135411888,0.377468013,0.663732138,0.872814918,0.93802294
13,700,0.068143314,0.327503193,0.731806656,0.998178923,0.863760947,1,0.013799495,0.202506948,0.618335798,0.844944212,0.846485728,0.98
13,750,0.059045446,0.332963128,0.603015247,0.941596218,0.984419206,0.983099527,0.010587153,0.179305158,0.538513556,0.893034726,0.948426415,0.963437537
13,800,0.048040223,0.271512378,0.744812867,0.790632548,0.998445856,1,0.00751566,0.156445144,0.576198939,0.773615716,0.978476939,0.98
13,850,0.042555519,0.28349174,0.674860064,0.91206082,1,0.948828198,0.006904743,0.162252575,0.572336163,0.848081244,0.929851634,0.929851634
13,900,0.032000507,0.266057884,0.547971948,0.988998283,1,0.990268973,0.004477815,0.139929488,0.525936258,0.959786828,0.970463593,0.970463593
13,950,0.025938867,0.235286641,0.733607443,0.782798084,0.772034689,0.785312955,0.002082416,0.080281671,0.341207945,0.465109709,0.594163066,0.769606696
14,0,0.171544605,0.6,1,1,1,1,0.100868228,0.588,0.98,0.98,0.98,0.98
14,50,0.137369188,0.309720881,0,0,0,0,0,0,0,0,0,0
14,100,0.149590989,0.464671733,0.840356783,1,0,0,0,0,0,0,0,0
14,150,0.176933101,0.347729155,0.957449865,1,0.78521688,1,0.045329605,0.256196299,0.73676968,0.769512543,0.769512543,0.98
14,200,0.120237178,0.353798981,0.785964731,0.811133062,0.66927005,1,0.017787626,0.147937817,0.41814088,0.532009724,0.655884649,0.98
14,250,0.138954476,0.209567945,0.329100502,0,0,0,0,0,0,0,0,0
14,300,0.136444033,0.334275125,0.836062224,1,1,0,0,0,0,0,0,0
14,350,0.104763967,0.330949089,0.691973691,1,0.743766527,0.92819877,0.016231789,0.154936759,0.468158892,0.676555912,0.676555912,0.909634795
14,400,0.109404048,0.38939994,0.759561338,0.763286937,0.938956955,1,0.022727502,0.207739136,0.533485278,0.702359706,0.920177816,0.98
14,450,0.09072939,0.380680971,0.704966111,0.66005808,0.940263706,0.936468574,0.013868469,0.152855305,0.401531247,0.569575247,0.862916863,0.917739202
14,500,0.102437518,0.430081122,0.685487623,0.974734803,1,1,0.028848391,0.281619385,0.654805271,0.955240107,0.98,0.98
14,550,0.078460947,0.25341539,0.822170278,0.969512762,0.877939132,0.947233909,0.01291664,0.164625084,0.649625437,0.790134908,0.814981442,0.928289231
14,600,0.076686266,0.333191664,0.704394018,1,0.708257348,0.950098584,0.011868975,0.15477315,0.464516874,0.659456017,0.659456017,0.931096612
14,650,0.0759522,0.278735839,1,1,1,0.940849966,0.019519991,0.257003632,0.922032966,0.922032966,0.922032966,0.922032966
14,700,0.063947391,0.407758578,0.66819422,0.957515415,1,1,0.01634935,0.255668763,0.627010141,0.938365107,0.98,0.98
14,750,0.054438487,0.289569499,0.854587302,0.701617491,1,1,0.009262789,0.170151481,0.587601531,0.687585141,0.98,0.98
14,800,0.042601913,0.277127708,0.523112452,1,0.943226088,0.939808798,0.005365195,0.125937884,0.454439888,0.868723132,0.868723132,0.921012622
14,850,0.034604712,0.19519588,0.586025973,0.817000457,0.963436042,0.927874714,0.00283324,0.081874397,0.419447364,0.71574876,0.876068984,0.90931722
14,900,0.031928775,0.286722213,0.947107104,0.994220391,0.974354309,0.913536022,0.007519588,0.235511308,0.821391914,0.867264019,0.872305604,0.895265302
14,950,0.020286481,0.205996813,0.485863225,0.712388107,1,1,0.001417503,0.069874267,0.339200719,0.698140345,0.98,0.98
15,0,0.179650076,0.6,1,0.192228512,0,0,0,0,0,0,0,0
15,50,0.10646794,0.398081848,0,0,0,0,0,0,0,0,0,0
15,100,0.2,0.49797503,0,0,0,0,0,0,0,0,0,0
15,150,0.186665189,0.477204411,0,0,0,0,0,0,0,0,0,0
15,200,0.105872042,0.539203541,0.957606474,1,0,0,0,0,0,0,0,0
15,250,0.130791049,0.483014711,0.319640715,1,1,1,0.019789123,0.151303344,0.3132479,0.98,0.98,0.98
15,300,0.109116201,0.447906826,0.402167485,1,1,0,0,0,0,0,0,0
15,350,0.121989651,0.372462647,0.879713694,1,0.952820421,0,0,0,0,0,0,0
15,400,0.116959514,0.57951524,0.844779234,1,0.961076748,1,0.053929674,0.461096937,0.795659725,0.941855213,0.941855213,0.98
15,450,0.104328436,0.439936971,0.713670681,1,1,0,0,0,0,0,0,0
15,500,0.105758331,0.30534042,0.511743046,0.975710829,0.907572269,1,0.014340994,0.135601554,0.444099585,0.867817529,0.889420824,0.98
15,550,0.076406743,0.365123206,0.674161579,0.988689749,0.97452377,0.989658164,0.017575143,0.230020842,0.629981438,0.934466539,0.945156497,0.969865001
15,600,0.101713613,0.233195285,0.712312005,0.787502772,1,0,0,0,0,0,0,0
15,650,0.079983114,0.296111814,0.59246255,0.989861214,0.668291228,1,0.009096642,0.113732027,0.384084735,0.648285255,0.654925404,0.98
15,700,0.059050038,0.156644591,0.282530806,0.424207552,1,0,0,0,0,0,0,0
15,750,0.05929241,0.286120581,0.771882103,0.930014995,1,0,0,0,0,0,0,0
15,800,0.045086918,0.170803144,0.673331681,0.75814993,0.979536399,1,0.003773786,0.083700233,0.490039178,0.727782744,0.959945671,0.98
15,850,0.036148928,0.297925008,0.388675735,0.811824199,0.887025744,1,0.002954025,0.081718179,0.274291103,0.705706785,0.869285229,0.98
15,900,0.030054237,0.263838704,0.84207358,0.917847365,0.958990543,1,0.00575977,0.191645847,0.726375031,0.862602804,0.939810732,0.98
15,950,0.02460565,0.240420506,0.400208675,0.914209705,0.943706256,1,0.002001712,0.08135172,0.338372637,0.845490509,0.924832131,0.98
16,0,0.104253013,0.277297828,0,0,0,0,0,0,0,0,0,0
16,50,0.100322435,0.6,1,0.951242502,0,0,0,0,0,0,0,0
16,100,0.2,0.350768889,1,1,0,0,0,0,0,0,0,0
16,150,0.2,0.401320279,1,1,0,0,0,0,0,0,0,0
16,200,0.08319885,0.166993605,0,0,0,0,0,0,0,0,0,0
16,250,0.073287012,0.454716908,0,0,0,0,0,0,0,0,0,0
16,300,0.103541683,0.505218864,0.456139454,0,0,0,0,0,0,0,0,0
16,350,0.113271117,0.553433857,0.725964267,1,0.833336369,1,0.037166063,0.328115979,0.592872977,0.816669641,0.816669641,0.98
16,400,0.078417293,0.274924671,0.42033372,0.946298499,1,1,0.008403767,0.107167271,0.389805944,0.927372529,0.98,0.98
16,450,0.111112453,0.151448828,0.564758167,1,0,0,0,0,0,0,0,0
16,500,0.09649123,0.314674147,1,0.783517806,1,0,0,0,0,0,0,0
16,550,0.091915299,0.589189395,0.901186841,1,1,0,0,0,0,0,0,0
16,600,0.074587258,0.327768461,0.893210229,1,0,0,0,0,0,0,0,0
16,650,0.057986966,0.317573175,0.512338127,1,0,0,0,0,0,0,0,0
16,700,0.069156546,0.391682889,0.920019979,0.939079888,0.969194896,1,0.02222823,0.321419034,0.820610354,0.891948406,0.949810998,0.98
16,750,0.061517421,0.331329684,0.805472503,0.972513656,0.900000943,0,0,0,0,0,0,0
16,800,0.048029751,0.292507997,0.960280583,0.640739575,0.96164107,0.924294781,0.007529694,0.156771466,0.535956171,0.558124553,0.871063026,0.905808886
16,850,0.039970269,0.11885912,0.258568285,1,1,1,0.001203846,0.030118535,0.25339692,0.98,0.98,0.98
16,900,0.029679058,0.364360403,0.884504568,0.874330281,0.916977395,1,0.007515218,0.253216196,0.694960796,0.785706282,0.898637847,0.98
16,950,0.034157804,0.171129767,0.655448482,1,1,0.762962569,0.002864728,0.083867448,0.490081005,0.747703318,0.747703318,0.747703318
17,0,0.2,0.071444979,0,0,0,0,0,0,0,0,0,0
17,50,0.030658927,0,0,0,0,0,0,0,0,0,0,0
17,100,0.2,0.176630842,1,1,1,1,0.034619645,0.173098225,0.98,0.98,0.98,0.98
17,150,0.147926071,0.364595762,1,1,0,0,0,0,0,0,0,0
17,200,0.131969273,0,0,0,0,0,0,0,0,0,0,0
17,250,0.136112504,0.147058918,0,0,0,0,0,0,0,0,0,0
17,300,0.081293499,0,0,0,0,0,0,0,0,0,0,0
17,350,0.111701532,0.580883524,0.76580413,0,0,0,0,0,0,0,0,0
17,400,0.089731395,0.288635969,0.953166451,0.89015617,1,0,0,0,0,0,0,0
17,450,0.126496319,0.534816572,0.978195771,0.855179751,0.442670503,0,0,0,0,0,0,0
17,500,0.102055297,0.369056601,0,0,0,0,0,0,0,0,0,0
17,550,0.053406014,0.519722635,0.232945115,0,0,0,0,0,0,0,0,0
17,600,0.07652619,0.114008144,0.159773354,1,0,0,0,0,0,0,0,0
17,650,0.057140149,0.161366279,0.095020983,0,0,0,0,0,0,0,0,0
17,700,0.060320115,0.299099592,0.781426309,1,1,1,0.013816311,0.229049805,0.765797783,0.98,0.98,0.98
17,750,0.040001544,0.152801096,0.595268667,0.983344138,0,0,0,0,0,0,0,0
17,800,0.04477895,0.333223939,0.736138481,0.871758524,1,1,0.009384084,0.209564634,0.628900296,0.854323354,0.98,0.98
17,850,0.046255258,0.162141896,0.285788379,1,1,0,0,0,0,0,0,0
17,900,0.032401167,0.260258797,1,1,1,0,0,0,0,0,0,0
17,950,0.012245552,0.11116388,0.971644509,1,0,0,0,0,0,0,0,0
18,0,0,0,0,0,0,0,0,0,0,0,0,0
18,50,0.085693001,0,0,0,0,0,0,0,0,0,0,0
18,100,0.2,0.418975784,0.957671856,1,0.635671891,1,0.049991334,0.24995667,0.596589778,0.622958453,0.622958453,0.98
18,150,0.13127759,0.199114216,0,0,0,0,0,0,0,0,0,0
18,200,0.100183818,0,0,0,0,0,0,0,0,0,0,0
18,250,0.056700982,0,0,0,0,0,0,0,0,0,0,0
18,300,0.071612074,0.528199611,1,1,1,1,0.03706896,0.517635618,0.98,0.98,0.98,0.98
18,350,0.102863067,0.136357116,1,0,0,0,0,0,0,0,0,0
18,400,0.055736357,0.142678607,0,0,0,0,0,0,0,0,0,0
18,450,0.084701656,0.362799628,1,1,0,0,0,0,0,0,0,0
18,500,0.090271265,0,0,0,0,0,0,0,0,0,0,0
18,550,0.065420037,0.371167721,0.959492452,1,0,0,0,0,0,0,0,0
18,600,0.092222917,0.142306721,1,0,0,0,0,0,0,0,0,0
18,650,0.043304281,0.326317431,1,1,1,0,0,0,0,0,0,0
18,700,0.072870452,0.362082798,0.349474728,0,0,0,0,0,0,0,0,0
18,750,0.035779983,0.348028338,0.239722445,0.897750654,0.913823217,0.905696439,0.002173652,0.060750514,0.17455623,0.728159724,0.811093505,0.88758251
18,800,0.048417009,0.358302468,0.899319972,1,1,1,0.015289317,0.315783994,0.881333572,0.98,0.98,0.98
18,850,0.050715705,0.308500274,0.517644756,0,0,0,0,0,0,0,0,0
18,900,0.043943757,0.286991422,0.357459346,0,0,0,0,0,0,0,0,0
18,950,0.022514259,0.289669167,0.304121673,1,1,1,0.001943719,0.086332778,0.29803924,0.98,0.98,0.98
19,0,0.138213527,0,0,0,0,0,0,0,0,0,0,0
19,50,0.029988802,0,0,0,0,0,0,0,0,0,0,0
19,100,0.05231673,0.6,0,0,0,0,0,0,0,0,0,0
19,150,0.2,0,0,0,0,0,0,0,0,0,0,0
19,200,0.081642822,0,0,0,0,0,0,0,0,0,0,0
19,250,0.2,0,0,0,0,0,0,0,0,0,0,0
19,300,0.084025155,0,0,0,0,0,0,0,0,0,0,0
19,350,0.074312132,0.520438071,0,0,0,0,0,0,0,0,0,0
19,400,0.084444896,0.174947191,0.887705628,0.800909931,0,0,0,0,0,0,0,0
19,450,0.045410568,0.518865964,0,0,0,0,0,0,0,0,0,0
19,500,0.073793333,0.028778442,0,0,0,0,0,0,0,0,0,0
19,550,0.046935231,0.510375774,0,0,0,0,0,0,0,0,0,0
19,600,0.091823124,0.302159214,1,1,0,0,0,0,0,0,0,0
19,650,0.078902941,0.324168106,0.617363582,0.904167147,0.894009805,0,0,0,0,0,0,0
19,700,0.052666217,0.112169137,1,0,0,0,0,0,0,0,0,0
19,750,0.054830076,0.257163324,0,0,0,0,0,0,0,0,0,0
19,800,0.052942926,0.027670832,1,0,0,0,0,0,0,0,0,0
19,850,0.035989249,0.248587885,0.932862823,1,1,0,0,0,0,0,0,0
19,900,0.032947289,0.24120059,0.503386381,1,1,0,0,0,0,0,0,0
19,950,0.026155542,0.228164324,1,1,1,0,0,0,0,0,0,0
20,0,0,0,0,0,0,0,0,0,0,0,0,0
20,50,0.100826208,0,0,0,0,0,0,0,0,0,0,0
20,100,0.2,0,0,0,0,0,0,0,0,0,0,0
20,150,0.2,0.6,0,0,0,0,0,0,0,0,0,0
20,200,0.064734459,0,0,0,0,0,0,0,0,0,0,0
20,250,0.167609713,0.6,1,1,0,0,0,0,0,0,0,0
20,300,0.056101321,0,0,0,0,0,0,0,0,0,0,0
20,350,0.119247094,0.486374533,0,0,0,0,0,0,0,0,0,0
20,400,0.014967939,0,0,0,0,0,0,0,0,0,0,0
20,450,0.161407502,0,0,0,0,0,0,0,0,0,0,0
20,500,0.027384869,0,0,0,0,0,0,0,0,0,0,0
20,550,0.037670163,0.068483703,1,1,0,0,0,0,0,0,0,0
20,600,0.070383204,0,0,0,0,0,0,0,0,0,0,0
20,650,0.09692482,0.163065423,1,0,0,0,0,0,0,0,0,0
20,700,0.041222678,0.6,1,0,0,0,0,0,0,0,0,0
20,750,0.061724577,0.286979904,0.447977289,0.98177971,0,0,0,0,0,0,0,0
20,800,0.043783724,0.325694034,0,0,0,0,0,0,0,0,0,0
20,850,0.040041147,0.157901338,0,0,0,0,0,0,0,0,0,0
20,900,0.036420365,0.158038737,0.47754911,1,0,0,0,0,0,0,0,0
20,950,0.011872673,0.18082581,1,1,0,0,0,0,0,0,0,0
21,0,0,0,0,0,0,0,0,0,0,0,0,0
21,50,0,0,0,0,0,0,0,0,0,0,0,0
21,100,0.2,0.6,0.986931828,0.909090443,0.899999436,0,0,0,0,0,0,0
21,150,0,0,0,0,0,0,0,0,0,0,0,0
21,200,0.124381437,0,0,0,0,0,0,0,0,0,0,0
21,250,0,0,0,0,0,0,0,0,0,0,0,0
21,300,0.118048935,0,0,0,0,0,0,0,0,0,0,0
21,350,0,0,0,0,0,0,0,0,0,0,0,0
21,400,0.044421163,0,0,0,0,0,0,0,0,0,0,0
21,450,0.012979672,0,0,0,0,0,0,0,0,0,0,0
21,500,0.017815494,0,0,0,0,0,0,0,0,0,0,0
21,550,0.041709241,0,0,0,0,0,0,0,0,0,0,0
21,600,0.070910674,0.151455612,0,0,0,0,0,0,0,0,0,0
21,650,0.063522324,0.6,1,0,0,0,0,0,0,0,0,0
21,700,0.050865801,0.042528084,0,0,0,0,0,0,0,0,0,0
21,750,0.041300802,0,0,0,0,0,0,0,0,0,0,0
21,800,0.013687295,0,0,0,0,0,0,0,0,0,0,0
21,850,0.029532131,0.136962461,1,0,0,0,0,0,0,0,0,0
21,900,0.020921867,0.233226674,0,0,0,0,0,0,0,0,0,0
21,950,0.012886897,0.009742262,0,0,0,0,0,0,0,0,0,0
22,0,0.114834743,0,0,0,0,0,0,0,0,0,0,0
22,50,0,0,0,0,0,0,0,0,0,0,0,0
22,100,0,0,0,0,0,0,0,0,0,0,0,0
22,150,0.106487753,0,0,0,0,0,0,0,0,0,0,0
22,200,0.02949738,0,0,0,0,0,0,0,0,0,0,0
22,250,0.110511714,0,0,0,0,0,0,0,0,0,0,0
22,300,0.003815597,0,0,0,0,0,0,0,0,0,0,0
22,350,0.033501991,0,0,0,0,0,0,0,0,0,0,0
22,400,0.045364854,0,0,0,0,0,0,0,0,0,0,0
22,450,0.2,0,0,0,0,0,0,0,0,0,0,0
22,500,0,0,0,0,0,0,0,0,0,0,0,0
22,550,0.045712121,0,0,0,0,0,0,0,0,0,0,0
22,600,0.177763319,0,0,0,0,0,0,0,0,0,0,0
22,650,0.07236015,0,0,0,0,0,0,0,0,0,0,0
22,700,0.060080529,0,0,0,0,0,0,0,0,0,0,0
22,750,0.058368432,0,0,0,0,0,0,0,0,0,0,0
22,800,0.034164065,0.6,0.779777209,0.83333409,0,0,0,0,0,0,0,0
22,850,0.01398135,0.194339159,0,0,0,0,0,0,0,0,0,0
22,900,0.018490963,0.517255443,0,0,0,0,0,0,0,0,0,0
22,950,0.006995397,0.066449602,0,0,0,0,0,0,0,0,0,0
23,0,0,0,0,0,0,0,0,0,0,0,0,0
23,50,0.005666033,0,0,0,0,0,0,0,0,0,0,0
23,100,0,0,0,0,0,0,0,0,0,0,0,0
23,150,0.2,0.113414426,1,0,0,0,0,0,0,0,0,0
23,200,0,0,0,0,0,0,0,0,0,0,0,0
23,250,0.13168425,0,0,0,0,0,0,0,0,0,0,0
23,300,0.2,0,0,0,0,0,0,0,0,0,0,0
23,350,0.109479845,0,0,0,0,0,0,0,0,0,0,0
23,400,0.072125814,0,0,0,0,0,0,0,0,0,0,0
23,450,0.2,0,0,0,0,0,0,0,0,0,0,0
23,500,0,0,0,0,0,0,0,0,0,0,0,0
23,550,0,0,0,0,0,0,0,0,0,0,0,0
23,600,0.159795451,0,0,0,0,0,0,0,0,0,0,0
23,650,0.083668574,0,0,0,0,0,0,0,0,0,0,0
23,700,0.149986035,0,0,0,0,0,0,0,0,0,0,0
23,750,0.113792548,0,0,0,0,0,0,0,0,0,0,0
23,800,0.086156841,0,0,0,0,0,0,0,0,0,0,0
23,850,0.02562903,0,0,0,0,0,0,0,0,0,0,0
23,900,0.019986531,0,0,0,0,0,0,0,0,0,0,0
23,950,0.00785747,0,0,0,0,0,0,0,0,0,0,0
24,0,0.127942767,0,0,0,0,0,0,0,0,0,0,0
24,50,0,0,0,0,0,0,0,0,0,0,0,0
24,100,0,0,0,0,0,0,0,0,0,0,0,0
24,150,0,0,0,0,0,0,0,0,0,0,0,0
24,200,0,0,0,0,0,0,0,0,0,0,0,0
24,250,0,0,0,0,0,0,0,0,0,0,0,0
24,300,0.2,0,0,0,0,0,0,0,0,0,0,0
24,350,0,0,0,0,0,0,0,0,0,0,0,0
24,400,0.176268511,0,0,0,0,0,0,0,0,0,0,0
24,450,0,0,0,0,0,0,0,0,0,0,0,0
24,500,0,0,0,0,0,0,0,0,0,0,0,0
24,550,0.2,0,0,0,0,0,0,0,0,0,0,0
24,600,0.089736135,0,0,0,0,0,0,0,0,0,0,0
24,650,0.2,0,0,0,0,0,0,0,0,0,0,0
24,700,0,0,0,0,0,0,0,0,0,0,0,0
24,750,0.070420961,0,0,0,0,0,0,0,0,0,0,0
24,800,0,0,0,0,0,0,0,0,0,0,0,0
24,850,0.074572838,0,0,0,0,0,0,0,0,0,0,0
24,900,0.163843329,0,0,0,0,0,0,0,0,0,0,0
24,950,0.001363713,0,0,0,0,0,0,0,0,0,0,0
25,0,0,0,0,0,0,0,0,0,0,0,0,0
25,50,0,0,0,0,0,0,0,0,0,0,0,0
25,100,0.2,0,0,0,0,0,0,0,0,0,0,0
25,150,0.2,0,0,0,0,0,0,0,0,0,0,0
25,200,0,0,0,0,0,0,0,0,0,0,0,0
25,250,0,0,0,0,0,0,0,0,0,0,0,0
25,300,0.118300676,0,0,0,0,0,0,0,0,0,0,0
25,350,0,0,0,0,0,0,0,0,0,0,0,0
25,400,0,0,0,0,0,0,0,0,0,0,0,0
25,450,0,0,0,0,0,0,0,0,0,0,0,0
25,500,0.182319963,0,0,0,0,0,0,0,0,0,0,0
25,550,0,0,0,0,0,0,0,0,0,0,0,0
25,600,0,0,0,0,0,0,0,0,0,0,0,0
25,650,0.2,0,0,0,0,0,0,0,0,0,0,0
25,700,0.2,0,0,0,0,0,0,0,0,0,0,0
25,750,0,0,0,0,0,0,0,0,0,0,0,0
25,800,0.000229958,0,0,0,0,0,0,0,0,0,0,0
25,850,0,0,0,0,0,0,0,0,0,0,0,0
25,900,0,0,0,0,0,0,0,0,0,0,0,0
25,950,0,0,0,0,0,0,0,0,0,0,0,0
26,0,0,0,0,0,0,0,0,0,0,0,0,0
26,50,0,0,0,0,0,0,0,0,0,0,0,0
26,100,0,0,0,0,0,0,0,0,0,0,0,0
26,150,0,0,0,0,0,0,0,0,0,0,0,0
26,200,0,0,0,0,0,0,0,0,0,0,0,0
26,250,0,0,0,0,0,0,0,0,0,0,0,0
26,300,0,0,0,0,0,0,0,0,0,0,0,0
26,350,0,0,0,0,0,0,0,0,0,0,0,0
26,400,0.2,0,0,0,0,0,0,0,0,0,0,0
26,450,0,0,0,0,0,0,0,0,0,0,0,0
26,500,0,0,0,0,0,0,0,0,0,0,0,0
26,550,0,0,0,0,0,0,0,0,0,0,0,0
26,600,0,0,0,0,0,0,0,0,0,0,0,0
26,650,0,0,0,0,0,0,0,0,0,0,0,0
26,700,0,0,0,0,0,0,0,0,0,0,0,0
26,750,0,0,0,0,0,0,0,0,0,0,0,0
26,800,0,0,0,0,0,0,0,0,0,0,0,0
26,850,0.2,0,0,0,0,0,0,0,0,0,0,0
26,900,0,0,0,0,0,0,0,0,0,0,0,0
26,950,0,0,0,0,0,0,0,0,0,0,0,0
27,50,0,0,0,0,0,0,0,0,0,0,0,0
27,200,0,0,0,0,0,0,0,0,0,0,0,0
27,350,0,0,0,0,0,0,0,0,0,0,0,0
27,450,0,0,0,0,0,0,0,0,0,0,0,0
27,500,0,0,0,0,0,0,0,0,0,0,0,0
27,700,0,0,0,0,0,0,0,0,0,0,0,0
27,900,0,0,0,0,0,0,0,0,0,0,0,0
27,950,0,0,0,0,0,0,0,0,0,0,0,0