mth,lusa_band,Provision_rate_current,Provision_rate_0_to_30,Provision_rate_30_to_60,Provision_rate_60_to_90,Provision_rate_90_to_120,Provision_rate_120_to_150,Provision_rate_150_to_180
0,"(0, 25]",0.279,0.501,0,0,0,0,0
1,"(0, 25]",0.152,0.885,0.671,0,0,0,0
2,"(0, 25]",0.094,0.603,1,0.638,0,0,0
3,"(0, 25]",0.169,0.494,1,1,0.638,0,0
4,"(0, 25]",0.118,0.596,0.982,1,1,0.638,0
5,"(0, 25]",0.103,0.511,0.911,0.945,0.991,1,0.638
6,"(0, 25]",0.069,0.49,0.73,0.918,0.984,0.995,1
7,"(0, 25]",0.144,0.343,0.9,0.966,0.947,0.984,0.995
8,"(0, 25]",0.052,0.685,0.897,1,0.846,0.947,1
9,"(0, 25]",0.084,0.332,1,1,1,0.852,0.952
10,"(0, 25]",0.091,0.434,0.566,0.994,1,1,0.962
11,"(0, 25]",0.037,0.275,0.989,0.803,1,1,1
12,"(0, 25]",0.025,0.29,0.71,1,0.803,1,1
13,"(0, 25]",0.055,0.136,1,0.966,1,0.803,1
14,"(0, 25]",0.055,0.452,0.477,0.88,1,1,0.823
15,"(0, 25]",0,0.25,0.581,0.41,1,1,1
16,"(0, 25]",0,0,0.385,0.922,0.416,1,1
17,"(0, 25]",0,0,0,0.473,1,0.433,1
18,"(0, 25]",0,0,0,0,0.473,1,0.46
19,"(0, 25]",0,0,0,0,0,0.473,1
20,"(0, 25]",0,0,0,0,0,0,1
21,"(0, 25]",0,0,0,0,0,0,0
22,"(0, 25]",0,0,0,0,0,0,0
23,"(0, 25]",0,0,0,0,0,0,0
24,"(0, 25]",0,0,0,0,0,0,0
25,"(0, 25]",0,0,0,0,0,0,0
26,"(0, 25]",0,0,0,0,0,0,0
27,"(0, 25]",0,0,0,0,0,0,0
28,"(0, 25]",0,0,0,0,0,0,0
29,"(0, 25]",0,0,0,0,0,0,0
30,"(0, 25]",0,0,0,0,0,0,0
0,"(100, 125]",0.119,0.377,0,0,0,0,0
1,"(100, 125]",0.094,0.64,1,0,0,0,0
2,"(100, 125]",0.088,0.472,0.934,0.866,0,0,0
3,"(100, 125]",0.101,0.433,0.869,0.975,0.862,0,0
4,"(100, 125]",0.057,0.499,0.822,0.987,0.963,0.862,0
5,"(100, 125]",0.072,0.272,0.999,1,0.983,0.954,1
6,"(100, 125]",0.058,0.398,0.688,0.975,0.989,0.988,0.954
7,"(100, 125]",0.048,0.296,0.752,0.814,0.911,1,0.991
8,"(100, 125]",0.076,0.292,0.763,0.883,0.866,0.98,1
9,"(100, 125]",0.038,0.37,0.682,1,0.909,0.906,1
10,"(100, 125]",0.042,0.232,0.835,0.912,1,0.944,1
11,"(100, 125]",0.056,0.247,0.601,0.926,0.918,1,0.993
12,"(100, 125]",0.025,0.352,0.459,0.813,0.934,0.924,1
13,"(100, 125]",0.023,0.169,0.682,0.599,0.821,0.938,0.971
14,"(100, 125]",0.004,0.147,0.533,0.72,0.608,0.921,0.937
15,"(100, 125]",0.008,0.033,0.314,0.674,0.773,0.681,0.931
16,"(100, 125]",0.01,0.065,0.076,0.523,0.691,0.814,0.821
17,"(100, 125]",0,0.069,0.117,0.098,0.534,0.713,0.918
18,"(100, 125]",0,0,0.18,0.135,0.094,0.684,0.986
19,"(100, 125]",0.002,0,0,0.237,0.163,0.117,0.838
20,"(100, 125]",0,0.021,0,0,0.307,0.198,0.188
21,"(100, 125]",0,0,0.181,0,0,0.353,1
22,"(100, 125]",0,0,0,0.468,0,0,0.363
23,"(100, 125]",0,0,0,0,1,0,0
24,"(100, 125]",0,0,0,0,0,1,0
25,"(100, 125]",0,0,0,0,0,0,1
26,"(100, 125]",0,0,0,0,0,0,0
27,"(100, 125]",0,0,0,0,0,0,0
28,"(100, 125]",0,0,0,0,0,0,0
29,"(100, 125]",0,0,0,0,0,0,0
0,"(125, 150]",0.116,0.665,0,0,0,0,0
1,"(125, 150]",0.117,0.605,1,0,0,0,0
2,"(125, 150]",0.081,0.592,0.933,0.998,0,0,0
3,"(125, 150]",0.076,0.417,1,0.908,0.953,0,0
4,"(125, 150]",0.061,0.381,0.861,1,0.883,0.953,0
5,"(125, 150]",0.059,0.304,0.825,0.971,1,0.886,0.953
6,"(125, 150]",0.068,0.335,0.766,0.891,0.964,1,0.894
7,"(125, 150]",0.055,0.385,0.753,0.937,0.905,1,1
8,"(125, 150]",0.033,0.32,0.819,0.91,0.937,0.937,1
9,"(125, 150]",0.046,0.212,0.678,0.932,0.867,0.997,0.973
10,"(125, 150]",0.053,0.288,0.561,0.851,0.979,0.938,1
11,"(125, 150]",0.037,0.322,0.63,1,0.863,1,0.984
12,"(125, 150]",0.028,0.236,0.67,0.806,1,0.932,1
13,"(125, 150]",0.021,0.182,0.619,0.793,0.838,1,0.946
14,"(125, 150]",0.012,0.134,0.592,0.809,0.889,0.898,1
15,"(125, 150]",0.006,0.084,0.287,0.78,0.849,0.959,0.979
16,"(125, 150]",0,0.057,0.193,0.342,0.778,0.942,0.985
17,"(125, 150]",0,0,0.215,0.276,0.411,0.786,0.952
18,"(125, 150]",0,0,0,0.242,0.311,0.678,0.929
19,"(125, 150]",0.006,0,0,0,0.299,0.384,0.897
20,"(125, 150]",0,0.041,0,0,0,0.408,0.593
21,"(125, 150]",0,0,0.167,0,0,0,0.921
22,"(125, 150]",0,0,0,0.166,0,0,0
23,"(125, 150]",0,0,0,0,0.708,0,0
24,"(125, 150]",0,0,0,0,0,1,0
25,"(125, 150]",0,0,0,0,0,0,1
26,"(125, 150]",0,0,0,0,0,0,0
27,"(125, 150]",0,0,0,0,0,0,0
28,"(125, 150]",0,0,0,0,0,0,0
29,"(125, 150]",0,0,0,0,0,0,0
30,"(125, 150]",0,0,0,0,0,0,0
0,"(150, 175]",0.099,0.464,0,0,0,0,0
1,"(150, 175]",0.071,0.534,0.81,0,0,0,0
2,"(150, 175]",0.094,0.436,0.882,0.927,0,0,0
3,"(150, 175]",0.067,0.488,0.9,0.989,0.839,0,0
4,"(150, 175]",0.078,0.353,1,0.944,0.963,0.839,0
5,"(150, 175]",0.048,0.373,0.784,0.988,0.928,0.984,0.885
6,"(150, 175]",0.044,0.249,0.784,0.854,0.962,0.952,0.994
7,"(150, 175]",0.072,0.234,0.689,0.91,0.859,0.986,1
8,"(150, 175]",0.069,0.385,0.615,0.836,0.916,0.893,1
9,"(150, 175]",0.048,0.358,0.808,0.786,0.886,0.979,0.95
10,"(150, 175]",0.044,0.269,0.769,1,0.942,0.935,1
11,"(150, 175]",0.064,0.265,0.599,0.957,1,0.96,0.945
12,"(150, 175]",0.023,0.355,0.662,0.718,0.944,1,1
13,"(150, 175]",0.014,0.164,0.706,0.732,0.736,0.955,1
14,"(150, 175]",0.003,0.112,0.422,0.762,0.798,0.809,1
15,"(150, 175]",0.008,0.021,0.303,0.554,0.781,0.832,1
16,"(150, 175]",0.007,0.071,0.065,0.355,0.564,0.891,0.926
17,"(150, 175]",0.001,0.053,0.304,0.08,0.354,0.829,0.963
18,"(150, 175]",0,0.006,0.154,0.507,0.094,0.432,1
19,"(150, 175]",0,0,0.011,0.196,0.738,0.103,0.515
20,"(150, 175]",0,0,0,0.02,0.239,0.832,0.177
21,"(150, 175]",0,0,0,0,0.027,0.366,1
22,"(150, 175]",0,0,0,0,0,0.027,0.366
23,"(150, 175]",0,0,0,0,0,0,0.118
24,"(150, 175]",0,0,0,0,0,0,0
25,"(150, 175]",0,0,0,0,0,0,0
26,"(150, 175]",0,0,0,0,0,0,0
27,"(150, 175]",0,0,0,0,0,0,0
28,"(150, 175]",0,0,0,0,0,0,0
29,"(150, 175]",0,0,0,0,0,0,0
30,"(150, 175]",0,0,0,0,0,0,0
0,"(175, 200]",0.1,0.15,0,0,0,0,0
1,"(175, 200]",0.087,0.625,0.53,0,0,0,0
2,"(175, 200]",0.071,0.478,0.98,0.551,0,0,0
3,"(175, 200]",0.071,0.447,0.99,1,0.683,0,0
4,"(175, 200]",0.049,0.426,0.816,0.958,0.987,0.683,0
5,"(175, 200]",0.047,0.352,0.888,0.885,0.917,0.997,0.683
6,"(175, 200]",0.044,0.301,0.793,0.874,0.965,0.948,1
7,"(175, 200]",0.022,0.352,0.746,0.884,0.909,0.99,0.993
8,"(175, 200]",0.039,0.173,0.755,0.833,0.887,0.96,1
9,"(175, 200]",0.03,0.255,0.501,0.873,0.811,0.922,1
10,"(175, 200]",0.022,0.204,0.673,0.944,1,0.915,0.969
11,"(175, 200]",0.027,0.152,0.58,0.829,0.98,1,0.964
12,"(175, 200]",0.017,0.201,0.427,0.809,0.832,1,1
13,"(175, 200]",0.016,0.137,0.606,0.699,0.838,0.856,1
14,"(175, 200]",0.004,0.126,0.395,0.76,0.763,0.854,0.868
15,"(175, 200]",0.013,0.037,0.387,0.549,0.808,0.856,0.968
16,"(175, 200]",0,0.101,0.124,0.669,0.665,0.975,1
17,"(175, 200]",0,0,0.251,0.195,0.696,0.814,1
18,"(175, 200]",0,0,0,0.421,0.255,0.905,0.911
19,"(175, 200]",0,0,0,0,0.455,0.321,0.918
20,"(175, 200]",0,0,0,0,0,0.78,0.498
21,"(175, 200]",0,0,0,0,0,0,0.976
22,"(175, 200]",0,0,0,0,0,0,0
23,"(175, 200]",0,0,0,0,0,0,0
24,"(175, 200]",0,0,0,0,0,0,0
25,"(175, 200]",0,0,0,0,0,0,0
26,"(175, 200]",0,0,0,0,0,0,0
27,"(175, 200]",0,0,0,0,0,0,0
28,"(175, 200]",0,0,0,0,0,0,0
29,"(175, 200]",0,0,0,0,0,0,0
30,"(175, 200]",0,0,0,0,0,0,0
0,"(200, 225]",0.055,0.42,0,0,0,0,0
1,"(200, 225]",0.054,0.422,0.731,0,0,0,0
2,"(200, 225]",0.063,0.428,0.774,0.709,0,0,0
3,"(200, 225]",0.045,0.378,0.936,0.846,0.801,0,0
4,"(200, 225]",0.047,0.295,0.873,1,0.873,0.801,0
5,"(200, 225]",0.068,0.303,0.816,0.952,0.965,0.911,0.824
6,"(200, 225]",0.043,0.357,0.824,0.927,0.953,0.981,0.94
7,"(200, 225]",0.039,0.268,0.845,0.928,0.925,0.982,1
8,"(200, 225]",0.025,0.245,0.616,0.882,0.951,0.949,1
9,"(200, 225]",0.033,0.183,0.642,0.804,0.917,0.976,0.974
10,"(200, 225]",0.021,0.231,0.554,0.836,0.889,1,1
11,"(200, 225]",0.022,0.15,0.595,0.724,0.891,0.955,1
12,"(200, 225]",0.022,0.178,0.466,0.83,0.762,0.92,1
13,"(200, 225]",0.009,0.149,0.491,0.562,0.904,0.816,0.951
14,"(200, 225]",0.009,0.056,0.373,0.619,0.585,0.979,0.86
15,"(200, 225]",0.005,0.072,0.224,0.539,0.732,0.751,1
16,"(200, 225]",0.004,0.048,0.22,0.286,0.59,0.785,0.945
17,"(200, 225]",0.001,0.032,0.142,0.282,0.312,0.637,0.944
18,"(200, 225]",0,0.011,0.097,0.244,0.328,0.393,0.688
19,"(200, 225]",0,0.004,0.03,0.13,0.302,0.513,0.433
20,"(200, 225]",0,0,0.017,0.05,0.253,0.572,0.834
21,"(200, 225]",0,0,0,0.046,0.103,0.598,0.889
22,"(200, 225]",0,0,0,0,0.05,0.105,0.602
23,"(200, 225]",0,0,0,0,0,1,1
24,"(200, 225]",0,0,0,0,0,0,1
25,"(200, 225]",0,0,0,0,0,0,0
26,"(200, 225]",0,0,0,0,0,0,0
27,"(200, 225]",0,0,0,0,0,0,0
28,"(200, 225]",0,0,0,0,0,0,0
29,"(200, 225]",0,0,0,0,0,0,0
0,"(225, 250]",0.08,0.233,0,0,0,0,0
1,"(225, 250]",0.051,0.521,0.558,0,0,0,0
2,"(225, 250]",0.042,0.395,0.844,0.553,0,0,0
3,"(225, 250]",0.051,0.331,0.838,0.924,0.688,0,0
4,"(225, 250]",0.041,0.382,0.754,0.916,0.952,0.708,0
5,"(225, 250]",0.044,0.286,0.807,0.968,0.913,0.961,0.708
6,"(225, 250]",0.035,0.28,0.71,0.897,0.935,0.957,0.97
7,"(225, 250]",0.042,0.255,0.69,0.862,0.903,0.974,0.972
8,"(225, 250]",0.033,0.282,0.616,0.85,0.887,0.938,1
9,"(225, 250]",0.035,0.253,0.656,0.8,0.922,0.924,0.971
10,"(225, 250]",0.021,0.301,0.682,0.879,0.937,0.997,0.988
11,"(225, 250]",0.02,0.161,0.66,0.83,0.898,0.968,1
12,"(225, 250]",0.017,0.13,0.522,0.885,0.885,0.933,1
13,"(225, 250]",0.011,0.136,0.392,0.77,0.921,0.931,1
14,"(225, 250]",0.006,0.095,0.341,0.491,0.791,1,0.942
15,"(225, 250]",0.005,0.06,0.352,0.459,0.51,0.868,1
16,"(225, 250]",0.002,0.042,0.192,0.472,0.484,0.758,0.951
17,"(225, 250]",0,0.02,0.112,0.232,0.512,0.543,0.777
18,"(225, 250]",0,0,0.059,0.181,0.302,0.586,0.657
19,"(225, 250]",0,0.003,0,0.109,0.224,0.301,0.801
20,"(225, 250]",0.001,0,0.011,0,0.13,0.329,0.456
21,"(225, 250]",0,0.022,0,0.055,0,0.365,0.66
22,"(225, 250]",0,0,0.059,0,0.063,0,0.437
23,"(225, 250]",0,0,0,0.107,0,0.121,0
24,"(225, 250]",0,0,0,0,1,0,1
25,"(225, 250]",0,0,0,0,0,1,0
26,"(225, 250]",0,0,0,0,0,0,1
27,"(225, 250]",0,0,0,0,0,0,0
28,"(225, 250]",0,0,0,0,0,0,0
29,"(225, 250]",0,0,0,0,0,0,0
30,"(225, 250]",0,0,0,0,0,0,0
0,"(25, 50]",0.133,0.708,0,0,0,0,0
1,"(25, 50]",0.199,0.674,0.938,0,0,0,0
2,"(25, 50]",0.154,0.72,0.892,1,0,0,0
3,"(25, 50]",0.087,0.57,1,0.915,1,0,0
4,"(25, 50]",0.091,0.35,0.976,1,0.965,0.877,0
5,"(25, 50]",0.098,0.37,0.679,1,1,0.967,0.877
6,"(25, 50]",0.209,0.443,0.56,0.781,1,1,0.967
7,"(25, 50]",0.072,0.646,0.882,0.809,0.982,1,1
8,"(25, 50]",0.113,0.321,0.937,0.958,0.778,0.982,1
9,"(25, 50]",0.102,0.437,0.521,1,1,0.778,1
10,"(25, 50]",0.049,0.562,0.855,0.725,1,1,0.821
11,"(25, 50]",0.041,0.302,0.852,0.904,0.848,1,1
12,"(25, 50]",0.046,0.296,0.547,1,0.946,0.992,1
13,"(25, 50]",0.014,0.258,0.774,0.775,0.967,1,1
14,"(25, 50]",0.026,0.112,0.46,0.925,0.927,1,1
15,"(25, 50]",0,0.177,0.735,0.605,0.803,0.927,1
16,"(25, 50]",0.013,0,0.234,0.815,0.738,0.81,0.949
17,"(25, 50]",0,0.081,0,0.301,0.876,0.745,0.973
18,"(25, 50]",0,0,0.192,0,0.36,0.973,0.975
19,"(25, 50]",0,0,0,0.285,0,0.402,1
20,"(25, 50]",0,0,0,0,0.683,0,0.415
21,"(25, 50]",0,0,0,0,0,0.683,0
22,"(25, 50]",0,0,0,0,0,0,0.683
23,"(25, 50]",0,0,0,0,0,0,0
24,"(25, 50]",0,0,0,0,0,0,0
25,"(25, 50]",0,0,0,0,0,0,0
26,"(25, 50]",0,0,0,0,0,0,0
27,"(25, 50]",0,0,0,0,0,0,0
28,"(25, 50]",0,0,0,0,0,0,0
29,"(25, 50]",0,0,0,0,0,0,0
0,"(250, 275]",0.07,0.224,0,0,0,0,0
1,"(250, 275]",0.047,0.466,0.768,0,0,0,0
2,"(250, 275]",0.06,0.34,0.91,0.719,0,0,0
3,"(250, 275]",0.043,0.423,0.754,0.928,0.798,0,0
4,"(250, 275]",0.042,0.327,0.916,0.863,0.925,0.829,0
5,"(250, 275]",0.047,0.298,0.748,0.986,0.858,0.943,0.829
6,"(250, 275]",0.033,0.329,0.695,0.881,1,0.895,0.973
7,"(250, 275]",0.034,0.258,0.706,0.835,0.919,1,0.92
8,"(250, 275]",0.035,0.239,0.696,0.84,0.893,0.95,1
9,"(250, 275]",0.022,0.246,0.688,0.868,0.88,0.95,0.978
10,"(250, 275]",0.018,0.178,0.594,0.879,0.928,0.932,1
11,"(250, 275]",0.022,0.142,0.453,0.783,0.949,0.969,0.984
12,"(250, 275]",0.017,0.175,0.35,0.693,0.807,1,1
13,"(250, 275]",0.016,0.147,0.483,0.452,0.768,0.836,1
14,"(250, 275]",0.008,0.147,0.368,0.687,0.453,0.804,0.915
15,"(250, 275]",0.005,0.078,0.382,0.495,0.723,0.485,0.995
16,"(250, 275]",0.001,0.054,0.213,0.504,0.583,0.85,0.605
17,"(250, 275]",0,0.007,0.125,0.322,0.57,0.621,0.926
18,"(250, 275]",0,0.004,0.018,0.184,0.358,0.853,0.668
19,"(250, 275]",0,0.006,0.015,0.022,0.266,0.405,0.921
20,"(250, 275]",0,0.005,0.036,0.03,0.035,0.382,0.539
21,"(250, 275]",0,0,0.03,0.158,0.08,0.064,0.888
22,"(250, 275]",0,0,0,0.027,0.158,0.091,0.064
23,"(250, 275]",0,0,0,0,0.04,1,0.594
24,"(250, 275]",0,0,0,0,0,0.047,1
25,"(250, 275]",0,0,0,0,0,0,0.047
26,"(250, 275]",0,0,0,0,0,0,0
27,"(250, 275]",0,0,0,0,0,0,0
28,"(250, 275]",0,0,0,0,0,0,0
29,"(250, 275]",0,0,0,0,0,0,0
30,"(250, 275]",0,0,0,0,0,0,0
0,"(275, 300]",0.058,0.289,0,0,0,0,0
1,"(275, 300]",0.049,0.494,0.658,0,0,0,0
2,"(275, 300]",0.039,0.377,0.833,0.665,0,0,0
3,"(275, 300]",0.04,0.324,0.818,0.906,0.626,0,0
4,"(275, 300]",0.037,0.319,0.736,0.93,0.886,0.693,0
5,"(275, 300]",0.032,0.29,0.753,0.862,0.897,0.928,0.764
6,"(275, 300]",0.033,0.245,0.703,0.929,0.878,0.923,0.976
7,"(275, 300]",0.026,0.275,0.709,0.841,0.879,0.929,0.974
8,"(275, 300]",0.022,0.199,0.632,0.78,0.842,0.939,0.981
9,"(275, 300]",0.021,0.189,0.503,0.763,0.808,0.889,0.985
10,"(275, 300]",0.035,0.174,0.589,0.725,0.829,0.879,0.954
11,"(275, 300]",0.016,0.273,0.488,0.873,0.767,0.94,0.931
12,"(275, 300]",0.015,0.15,0.572,0.575,0.891,0.875,0.988
13,"(275, 300]",0.007,0.14,0.426,0.796,0.619,0.978,0.915
14,"(275, 300]",0.005,0.083,0.362,0.569,0.815,0.763,1
15,"(275, 300]",0.014,0.057,0.263,0.544,0.577,0.873,0.861
16,"(275, 300]",0.005,0.146,0.178,0.419,0.646,0.688,0.95
17,"(275, 300]",0,0.045,0.425,0.232,0.468,0.748,0.833
18,"(275, 300]",0,0.006,0.101,0.4,0.321,0.596,0.86
19,"(275, 300]",0.003,0.002,0.02,0.163,0.434,0.365,0.727
20,"(275, 300]",0,0.041,0.008,0.034,0.292,0.679,0.547
21,"(275, 300]",0,0,0.158,0.012,0.058,0.43,0.993
22,"(275, 300]",0,0,0,0.231,0.012,0.074,0.433
23,"(275, 300]",0,0,0,0,0.387,0.024,0.158
24,"(275, 300]",0,0,0,0,0,0.713,1
25,"(275, 300]",0,0,0,0,0,0,0.713
26,"(275, 300]",0,0,0,0,0,0,0
27,"(275, 300]",0,0,0,0,0,0,0
28,"(275, 300]",0,0,0,0,0,0,0
29,"(275, 300]",0,0,0,0,0,0,0
30,"(275, 300]",0,0,0,0,0,0,0
0,"(300, 325]",0.044,0.135,0,0,0,0,0
1,"(300, 325]",0.039,0.384,0.447,0,0,0,0
2,"(300, 325]",0.038,0.353,0.765,0.539,0,0,0
3,"(300, 325]",0.032,0.318,0.769,0.795,0.494,0,0
4,"(300, 325]",0.026,0.299,0.737,0.863,0.84,0.597,0
5,"(300, 325]",0.026,0.223,0.777,0.897,0.835,0.898,0.699
6,"(300, 325]",0.027,0.197,0.651,0.886,0.927,0.884,0.97
7,"(300, 325]",0.023,0.249,0.551,0.89,0.939,0.985,0.941
8,"(300, 325]",0.021,0.191,0.573,0.63,0.906,0.985,1
9,"(300, 325]",0.023,0.194,0.531,0.743,0.64,0.931,1
10,"(300, 325]",0.023,0.197,0.599,0.684,0.829,0.722,1
11,"(300, 325]",0.022,0.211,0.534,0.736,0.769,0.983,0.824
12,"(300, 325]",0.01,0.196,0.543,0.791,0.825,0.883,1
13,"(300, 325]",0.015,0.091,0.54,0.616,0.899,0.924,0.97
14,"(300, 325]",0.005,0.131,0.316,0.659,0.685,0.955,0.941
15,"(300, 325]",0.005,0.053,0.343,0.379,0.743,0.782,1
16,"(300, 325]",0.006,0.056,0.203,0.459,0.425,0.799,0.897
17,"(300, 325]",0.003,0.062,0.21,0.256,0.527,0.481,0.891
18,"(300, 325]",0,0.031,0.192,0.324,0.34,0.699,0.834
19,"(300, 325]",0,0,0.084,0.289,0.459,0.429,0.858
20,"(300, 325]",0,0,0,0.13,0.455,0.711,0.809
21,"(300, 325]",0,0.012,0,0,0.206,0.705,0.977
22,"(300, 325]",0,0,0.034,0,0,0.21,0.819
23,"(300, 325]",0,0,0,0.058,0,0,0.632
24,"(300, 325]",0,0,0,0,0.115,0,0
25,"(300, 325]",0,0,0,0,0,0.117,0
26,"(300, 325]",0,0,0,0,0,0,1
27,"(300, 325]",0,0,0,0,0,0,0
28,"(300, 325]",0,0,0,0,0,0,0
29,"(300, 325]",0,0,0,0,0,0,0
30,"(300, 325]",0,0,0,0,0,0,0
0,"(325, 350]",0.038,0.199,0,0,0,0,0
1,"(325, 350]",0.033,0.355,0.498,0,0,0,0
2,"(325, 350]",0.03,0.298,0.671,0.49,0,0,0
3,"(325, 350]",0.033,0.268,0.711,0.783,0.637,0,0
4,"(325, 350]",0.032,0.271,0.791,0.838,0.791,0.71,0
5,"(325, 350]",0.029,0.256,0.694,0.94,0.88,0.805,0.769
6,"(325, 350]",0.022,0.238,0.672,0.817,0.945,0.928,0.852
7,"(325, 350]",0.024,0.225,0.62,0.85,0.846,1,1
8,"(325, 350]",0.029,0.192,0.518,0.742,0.849,0.893,1
9,"(325, 350]",0.018,0.236,0.513,0.7,0.785,0.943,0.946
10,"(325, 350]",0.017,0.172,0.612,0.671,0.792,0.843,1
11,"(325, 350]",0.01,0.173,0.467,0.74,0.738,0.835,0.881
12,"(325, 350]",0.016,0.106,0.517,0.67,0.766,0.922,0.956
13,"(325, 350]",0.009,0.175,0.332,0.696,0.715,0.925,0.995
14,"(325, 350]",0.004,0.093,0.436,0.488,0.743,0.758,0.983
15,"(325, 350]",0.012,0.043,0.231,0.61,0.548,0.783,0.888
16,"(325, 350]",0.003,0.135,0.138,0.309,0.621,0.648,0.869
17,"(325, 350]",0.001,0.028,0.365,0.26,0.381,0.719,0.903
18,"(325, 350]",0,0.011,0.098,0.519,0.283,0.449,0.877
19,"(325, 350]",0.001,0.006,0.045,0.147,0.642,0.374,0.575
20,"(325, 350]",0,0.023,0.021,0.068,0.228,0.765,0.534
21,"(325, 350]",0,0,0.103,0.062,0.158,0.351,0.874
22,"(325, 350]",0,0,0,0.143,0.063,0.159,0.352
23,"(325, 350]",0.004,0,0,0,0.296,0.098,0.5
24,"(325, 350]",0,0.173,0,0,0,1,1
25,"(325, 350]",0,0,0.56,0,0,0,1
26,"(325, 350]",0,0,0,1,0,0,0
27,"(325, 350]",0,0,0,0,1,0,0
28,"(325, 350]",0,0,0,0,0,1,0
29,"(325, 350]",0,0,0,0,0,0,1
30,"(325, 350]",0,0,0,0,0,0,0
0,"(350, 375]",0.035,0.149,0,0,0,0,0
1,"(350, 375]",0.029,0.355,0.519,0,0,0,0
2,"(350, 375]",0.029,0.264,0.709,0.557,0,0,0
3,"(350, 375]",0.029,0.273,0.656,0.772,0.569,0,0
4,"(350, 375]",0.028,0.255,0.644,0.751,0.84,0.744,0
5,"(350, 375]",0.024,0.256,0.612,0.808,0.797,0.866,0.908
6,"(350, 375]",0.021,0.203,0.679,0.792,0.865,0.873,0.937
7,"(350, 375]",0.023,0.193,0.497,0.846,0.849,0.933,0.948
8,"(350, 375]",0.024,0.203,0.476,0.676,0.859,0.882,1
9,"(350, 375]",0.023,0.194,0.504,0.677,0.729,0.903,0.966
10,"(350, 375]",0.019,0.203,0.56,0.652,0.753,0.849,0.998
11,"(350, 375]",0.014,0.184,0.527,0.717,0.719,0.838,0.95
12,"(350, 375]",0.011,0.137,0.489,0.723,0.797,0.832,0.982
13,"(350, 375]",0.012,0.092,0.473,0.709,0.783,0.861,0.963
14,"(350, 375]",0.004,0.12,0.251,0.609,0.751,0.827,0.923
15,"(350, 375]",0.003,0.041,0.348,0.346,0.668,0.892,0.971
16,"(350, 375]",0.002,0.035,0.147,0.507,0.465,0.751,1
17,"(350, 375]",0.001,0.026,0.07,0.226,0.585,0.52,0.826
18,"(350, 375]",0,0.012,0.095,0.165,0.286,0.941,0.691
19,"(350, 375]",0,0,0.043,0.165,0.212,0.432,1
20,"(350, 375]",0,0,0,0.067,0.256,0.56,0.545
21,"(350, 375]",0,0,0,0,0.14,0.549,1
22,"(350, 375]",0,0,0,0,0,0.141,0.587
23,"(350, 375]",0,0,0,0,0,0,0.676
24,"(350, 375]",0,0,0,0,0,0,0
25,"(350, 375]",0,0,0,0,0,0,0
26,"(350, 375]",0,0,0,0,0,0,0
27,"(350, 375]",0,0,0,0,0,0,0
28,"(350, 375]",0,0,0,0,0,0,0
29,"(350, 375]",0,0,0,0,0,0,0
30,"(350, 375]",0,0,0,0,0,0,0
0,"(375, 400]",0.044,0.277,0,0,0,0,0
1,"(375, 400]",0.03,0.392,0.74,0,0,0,0
2,"(375, 400]",0.025,0.297,0.704,0.744,0,0,0
3,"(375, 400]",0.026,0.237,0.703,0.79,0.761,0,0
4,"(375, 400]",0.026,0.246,0.67,0.881,0.814,0.834,0
5,"(375, 400]",0.024,0.229,0.62,0.789,0.931,0.866,0.874
6,"(375, 400]",0.02,0.212,0.607,0.781,0.805,0.969,0.905
7,"(375, 400]",0.018,0.197,0.528,0.818,0.851,0.9,0.989
8,"(375, 400]",0.016,0.149,0.542,0.634,0.82,0.947,0.964
9,"(375, 400]",0.019,0.154,0.367,0.698,0.696,0.881,1
10,"(375, 400]",0.013,0.175,0.424,0.594,0.751,0.771,0.971
11,"(375, 400]",0.011,0.123,0.528,0.553,0.679,0.845,0.826
12,"(375, 400]",0.011,0.11,0.372,0.805,0.63,0.806,0.972
13,"(375, 400]",0.006,0.098,0.342,0.541,0.903,0.671,0.918
14,"(375, 400]",0.009,0.063,0.289,0.492,0.605,0.94,0.825
15,"(375, 400]",0.003,0.078,0.186,0.439,0.523,0.739,1
16,"(375, 400]",0.007,0.036,0.275,0.295,0.524,0.601,0.858
17,"(375, 400]",0.002,0.064,0.121,0.404,0.314,0.622,0.912
18,"(375, 400]",0.002,0.029,0.166,0.162,0.474,0.472,0.7
19,"(375, 400]",0.001,0.032,0.082,0.255,0.191,0.558,0.637
20,"(375, 400]",0,0.012,0.135,0.15,0.293,0.429,0.763
21,"(375, 400]",0,0,0.076,0.328,0.242,0.814,1
22,"(375, 400]",0,0,0,0.07,0.324,0.25,0.854
23,"(375, 400]",0,0,0,0,0.111,0.581,0.37
24,"(375, 400]",0,0,0,0,0,0.533,1
25,"(375, 400]",0,0,0,0,0,0,0.533
26,"(375, 400]",0,0,0,0,0,0,0
27,"(375, 400]",0,0,0,0,0,0,0
28,"(375, 400]",0,0,0,0,0,0,0
29,"(375, 400]",0,0,0,0,0,0,0
30,"(375, 400]",0,0,0,0,0,0,0
0,"(400, 425]",0.032,0.172,0,0,0,0,0
1,"(400, 425]",0.025,0.293,0.429,0,0,0,0
2,"(400, 425]",0.027,0.247,0.608,0.46,0,0,0
3,"(400, 425]",0.024,0.254,0.633,0.734,0.463,0,0
4,"(400, 425]",0.021,0.22,0.67,0.786,0.795,0.56,0
5,"(400, 425]",0.021,0.189,0.624,0.816,0.804,0.852,0.66
6,"(400, 425]",0.018,0.193,0.512,0.786,0.883,0.857,0.918
7,"(400, 425]",0.017,0.188,0.54,0.663,0.807,0.973,1
8,"(400, 425]",0.015,0.142,0.486,0.713,0.727,0.84,1
9,"(400, 425]",0.017,0.144,0.376,0.712,0.777,0.796,0.883
10,"(400, 425]",0.016,0.168,0.447,0.59,0.745,0.837,0.954
11,"(400, 425]",0.016,0.162,0.501,0.585,0.632,0.829,0.92
12,"(400, 425]",0.009,0.146,0.443,0.763,0.679,0.753,1
13,"(400, 425]",0.01,0.089,0.409,0.613,0.847,0.778,0.928
14,"(400, 425]",0.002,0.112,0.255,0.461,0.677,0.9,0.807
15,"(400, 425]",0.004,0.023,0.299,0.363,0.477,0.784,1
16,"(400, 425]",0.004,0.037,0.053,0.414,0.397,0.537,0.949
17,"(400, 425]",0,0.045,0.104,0.069,0.468,0.439,0.738
18,"(400, 425]",0.002,0.007,0.139,0.151,0.093,0.61,0.846
19,"(400, 425]",0,0.036,0.03,0.186,0.178,0.14,0.808
20,"(400, 425]",0,0,0.158,0.063,0.246,0.379,0.192
21,"(400, 425]",0,0,0,0.415,0.092,0.477,1
22,"(400, 425]",0,0,0,0,0.434,0.096,0.511
23,"(400, 425]",0,0,0,0,0,0.715,0.356
24,"(400, 425]",0,0,0,0,0,0,1
25,"(400, 425]",0,0,0,0,0,0,0
26,"(400, 425]",0,0,0,0,0,0,0
27,"(400, 425]",0,0,0,0,0,0,0
28,"(400, 425]",0,0,0,0,0,0,0
29,"(400, 425]",0,0,0,0,0,0,0
0,"(425, 450]",0.027,0.151,0,0,0,0,0
1,"(425, 450]",0.021,0.293,0.376,0,0,0,0
2,"(425, 450]",0.022,0.219,0.621,0.421,0,0,0
3,"(425, 450]",0.024,0.238,0.544,0.716,0.517,0,0
4,"(425, 450]",0.023,0.26,0.632,0.686,0.749,0.572,0
5,"(425, 450]",0.016,0.231,0.626,0.774,0.765,0.793,0.635
6,"(425, 450]",0.018,0.174,0.598,0.733,0.869,0.849,0.883
7,"(425, 450]",0.017,0.19,0.487,0.733,0.818,0.973,0.936
8,"(425, 450]",0.016,0.168,0.495,0.613,0.766,0.881,1
9,"(425, 450]",0.012,0.154,0.457,0.698,0.694,0.882,0.977
10,"(425, 450]",0.011,0.133,0.43,0.616,0.761,0.794,0.98
11,"(425, 450]",0.008,0.138,0.408,0.567,0.686,0.848,0.91
12,"(425, 450]",0.009,0.083,0.407,0.594,0.708,0.754,0.948
13,"(425, 450]",0.007,0.105,0.311,0.565,0.704,0.82,0.91
14,"(425, 450]",0.005,0.071,0.347,0.461,0.65,0.765,0.965
15,"(425, 450]",0.002,0.059,0.179,0.489,0.536,0.847,0.856
16,"(425, 450]",0.006,0.023,0.171,0.293,0.537,0.597,0.91
17,"(425, 450]",0.001,0.057,0.072,0.271,0.313,0.652,0.678
18,"(425, 450]",0.002,0.012,0.187,0.137,0.345,0.438,0.833
19,"(425, 450]",0.001,0.024,0.043,0.357,0.173,0.455,0.599
20,"(425, 450]",0,0.018,0.073,0.084,0.475,0.352,0.728
21,"(425, 450]",0,0,0.08,0.165,0.137,0.729,0.678
22,"(425, 450]",0,0,0,0.12,0.167,0.136,0.765
23,"(425, 450]",0.013,0,0,0,0.172,0.262,0.407
24,"(425, 450]",0,0.574,0,0,0,0.659,1
25,"(425, 450]",0,0,1,0,0,0,0.659
26,"(425, 450]",0,0,0,1,0,0,0
27,"(425, 450]",0,0,0,0,1,0,0
28,"(425, 450]",0,0,0,0,0,1,0
29,"(425, 450]",0,0,0,0,0,0,1
30,"(425, 450]",0,0,0,0,0,0,0
0,"(450, 475]",0.027,0.203,0,0,0,0,0
1,"(450, 475]",0.022,0.271,0.555,0,0,0,0
2,"(450, 475]",0.022,0.24,0.555,0.691,0,0,0
3,"(450, 475]",0.019,0.232,0.632,0.669,0.732,0,0
4,"(450, 475]",0.016,0.206,0.598,0.719,0.733,0.747,0
5,"(450, 475]",0.015,0.176,0.587,0.751,0.76,0.81,0.798
6,"(450, 475]",0.015,0.161,0.506,0.805,0.795,0.882,0.886
7,"(450, 475]",0.014,0.161,0.465,0.637,0.845,0.889,0.954
8,"(450, 475]",0.011,0.139,0.467,0.635,0.696,0.942,0.957
9,"(450, 475]",0.012,0.123,0.418,0.637,0.713,0.811,1
10,"(450, 475]",0.013,0.138,0.369,0.584,0.696,0.817,0.974
11,"(450, 475]",0.01,0.144,0.41,0.511,0.683,0.795,0.952
12,"(450, 475]",0.008,0.11,0.412,0.564,0.63,0.813,0.916
13,"(450, 475]",0.012,0.079,0.378,0.671,0.692,0.828,0.972
14,"(450, 475]",0.003,0.132,0.232,0.54,0.772,0.828,0.977
15,"(450, 475]",0.005,0.032,0.339,0.351,0.597,0.839,0.865
16,"(450, 475]",0.002,0.07,0.079,0.448,0.426,0.754,0.962
17,"(450, 475]",0.001,0.018,0.179,0.107,0.489,0.519,0.885
18,"(450, 475]",0.001,0.013,0.051,0.283,0.168,0.595,0.844
19,"(450, 475]",0.003,0.013,0.036,0.102,0.487,0.264,0.774
20,"(450, 475]",0,0.041,0.051,0.051,0.138,0.732,0.421
21,"(450, 475]",0.003,0.003,0.145,0.099,0.149,0.234,1
22,"(450, 475]",0,0.038,0.016,0.163,0.101,0.172,0.235
23,"(450, 475]",0,0,0.562,0.03,0.332,0.138,0.817
24,"(450, 475]",0,0,0,0.739,0.101,0.814,0.825
25,"(450, 475]",0,0,0,0,0.739,0.101,0.814
26,"(450, 475]",0,0,0,0,0,1,0.101
27,"(450, 475]",0,0,0,0,0,0,1
28,"(450, 475]",0,0,0,0,0,0,0
29,"(450, 475]",0,0,0,0,0,0,0
30,"(450, 475]",0,0,0,0,0,0,0
0,"(475, 500]",0.028,0.121,0,0,0,0,0
1,"(475, 500]",0.018,0.258,0.366,0,0,0,0
2,"(475, 500]",0.019,0.21,0.443,0.408,0,0,0
3,"(475, 500]",0.017,0.209,0.538,0.507,0.442,0,0
4,"(475, 500]",0.016,0.196,0.575,0.67,0.53,0.496,0
5,"(475, 500]",0.014,0.18,0.534,0.7,0.725,0.563,0.605
6,"(475, 500]",0.012,0.151,0.522,0.711,0.773,0.863,0.9
7,"(475, 500]",0.013,0.138,0.437,0.691,0.777,0.887,0.941
8,"(475, 500]",0.011,0.137,0.389,0.58,0.721,0.85,0.968
9,"(475, 500]",0.012,0.124,0.405,0.505,0.714,0.809,0.964
10,"(475, 500]",0.01,0.128,0.349,0.56,0.557,0.827,0.946
11,"(475, 500]",0.009,0.116,0.402,0.452,0.652,0.633,0.934
12,"(475, 500]",0.012,0.105,0.37,0.524,0.597,0.791,0.821
13,"(475, 500]",0.007,0.127,0.385,0.549,0.809,0.721,0.881
14,"(475, 500]",0.006,0.091,0.35,0.462,0.626,0.927,0.877
15,"(475, 500]",0.006,0.074,0.288,0.475,0.516,0.728,1
16,"(475, 500]",0.004,0.077,0.225,0.453,0.507,0.671,0.857
17,"(475, 500]",0,0.038,0.248,0.319,0.517,0.673,0.757
18,"(475, 500]",0.003,0.002,0.136,0.359,0.513,0.623,0.794
19,"(475, 500]",0,0.041,0.005,0.221,0.409,0.688,0.814
20,"(475, 500]",0,0,0.188,0.008,0.285,0.521,0.942
21,"(475, 500]",0.001,0,0,0.503,0.019,0.587,0.787
22,"(475, 500]",0,0.011,0,0,0.54,0.019,0.726
23,"(475, 500]",0,0,0.04,0,0,0.605,0.055
24,"(475, 500]",0,0,0,0.139,0,0,1
25,"(475, 500]",0,0,0,0,0.144,0,0
26,"(475, 500]",0,0,0,0,0,0.146,0
27,"(475, 500]",0,0,0,0,0,0,1
28,"(475, 500]",0,0,0,0,0,0,0
29,"(475, 500]",0,0,0,0,0,0,0
30,"(475, 500]",0,0,0,0,0,0,0
0,"(50, 75]",0.222,0,0,0,0,0,0
1,"(50, 75]",0.157,0.697,0,0,0,0,0
2,"(50, 75]",0.111,0.682,0.969,0,0,0,0
3,"(50, 75]",0.112,0.521,1,1,0,0,0
4,"(50, 75]",0.065,0.475,0.9,1,0.898,0,0
5,"(50, 75]",0.08,0.386,0.877,0.895,1,0.943,0
6,"(50, 75]",0.088,0.407,0.71,0.999,0.915,1,0.946
7,"(50, 75]",0.091,0.437,0.828,0.906,0.98,1,1
8,"(50, 75]",0.067,0.441,0.825,0.812,0.879,0.996,1
9,"(50, 75]",0.044,0.434,0.854,0.968,0.919,0.914,1
10,"(50, 75]",0.065,0.28,0.964,0.887,0.997,1,0.985
11,"(50, 75]",0.059,0.392,0.784,1,0.908,1,1
12,"(50, 75]",0.042,0.318,0.835,1,1,0.925,1
13,"(50, 75]",0.023,0.233,0.553,0.877,0.95,1,0.922
14,"(50, 75]",0.007,0.153,0.544,0.766,0.895,1,1
15,"(50, 75]",0.022,0.057,0.618,0.728,1,0.945,1
16,"(50, 75]",0.014,0.096,0.1,0.805,0.746,1,0.982
17,"(50, 75]",0.046,0.074,0.387,0.155,1,0.751,1
18,"(50, 75]",0.014,0.3,0.11,1,0.195,1,0.755
19,"(50, 75]",0,0.079,0.505,0.122,0.976,0.224,1
20,"(50, 75]",0,0,0.174,0.551,0.138,1,0.578
21,"(50, 75]",0,0,0,0.177,0.771,0.138,1
22,"(50, 75]",0,0,0,0,0.175,0.771,0.138
23,"(50, 75]",0,0,0,0,0,1,1
24,"(50, 75]",0,0,0,0,0,0,1
25,"(50, 75]",0,0,0,0,0,0,0
26,"(50, 75]",0,0,0,0,0,0,0
27,"(50, 75]",0,0,0,0,0,0,0
28,"(50, 75]",0,0,0,0,0,0,0
29,"(50, 75]",0,0,0,0,0,0,0
30,"(50, 75]",0,0,0,0,0,0,0
0,"(500, 525]",0.022,0.179,0,0,0,0,0
1,"(500, 525]",0.019,0.257,0.59,0,0,0,0
2,"(500, 525]",0.02,0.232,0.534,0.622,0,0,0
3,"(500, 525]",0.014,0.245,0.6,0.638,0.735,0,0
4,"(500, 525]",0.015,0.175,0.657,0.732,0.698,0.834,0
5,"(500, 525]",0.012,0.168,0.458,0.734,0.771,0.802,0.849
6,"(500, 525]",0.01,0.151,0.485,0.592,0.782,0.858,0.887
7,"(500, 525]",0.009,0.121,0.451,0.71,0.699,0.875,0.957
8,"(500, 525]",0.012,0.115,0.346,0.61,0.757,0.762,0.942
9,"(500, 525]",0.012,0.144,0.354,0.5,0.666,0.852,0.9
10,"(500, 525]",0.007,0.143,0.417,0.54,0.605,0.754,0.993
11,"(500, 525]",0.005,0.094,0.409,0.58,0.594,0.688,0.887
12,"(500, 525]",0.01,0.076,0.339,0.595,0.687,0.755,0.918
13,"(500, 525]",0.003,0.124,0.279,0.578,0.729,0.852,0.983
14,"(500, 525]",0.006,0.047,0.349,0.354,0.648,0.836,0.932
15,"(500, 525]",0.006,0.08,0.141,0.537,0.37,0.82,0.951
16,"(500, 525]",0.002,0.1,0.266,0.227,0.623,0.467,0.993
17,"(500, 525]",0.001,0.022,0.306,0.449,0.248,0.676,0.504
18,"(500, 525]",0.001,0.012,0.071,0.46,0.529,0.405,0.823
19,"(500, 525]",0.001,0.018,0.038,0.106,0.5,0.682,0.609
20,"(500, 525]",0,0.021,0.06,0.055,0.17,0.755,1
21,"(500, 525]",0,0,0.124,0.155,0.067,0.29,0.953
22,"(500, 525]",0,0,0,0.155,0.132,0.069,0.301
23,"(500, 525]",0,0,0,0,0.492,1,0.131
24,"(500, 525]",0,0,0,0,0,0.738,-8.72539E+15
25,"(500, 525]",0,0,0,0,0,0,0.772
26,"(500, 525]",0,0,0,0,0,0,0
27,"(500, 525]",0,0,0,0,0,0,0
28,"(500, 525]",0,0,0,0,0,0,0
29,"(500, 525]",0,0,0,0,0,0,0
30,"(500, 525]",0,0,0,0,0,0,0
0,"(525, 550]",0.02,0.163,0,0,0,0,0
1,"(525, 550]",0.017,0.246,0.555,0,0,0,0
2,"(525, 550]",0.017,0.224,0.533,0.6,0,0,0
3,"(525, 550]",0.016,0.208,0.565,0.642,0.63,0,0
4,"(525, 550]",0.016,0.193,0.569,0.708,0.694,0.745,0
5,"(525, 550]",0.011,0.186,0.55,0.683,0.75,0.773,0.891
6,"(525, 550]",0.01,0.131,0.488,0.721,0.743,0.824,0.88
7,"(525, 550]",0.01,0.135,0.383,0.663,0.795,0.827,0.944
8,"(525, 550]",0.009,0.12,0.39,0.492,0.723,0.897,0.926
9,"(525, 550]",0.009,0.112,0.317,0.541,0.613,0.813,1
10,"(525, 550]",0.01,0.118,0.378,0.398,0.598,0.699,0.935
11,"(525, 550]",0.005,0.128,0.346,0.547,0.485,0.716,0.818
12,"(525, 550]",0.008,0.075,0.398,0.562,0.611,0.618,0.931
13,"(525, 550]",0.003,0.113,0.332,0.611,0.774,0.792,0.814
14,"(525, 550]",0.003,0.045,0.351,0.483,0.644,0.929,0.957
15,"(525, 550]",0.004,0.034,0.128,0.475,0.537,0.746,1
16,"(525, 550]",0.004,0.056,0.127,0.182,0.551,0.614,0.942
17,"(525, 550]",0,0.05,0.211,0.255,0.219,0.609,0.748
18,"(525, 550]",0,0,0.164,0.341,0.453,0.291,0.754
19,"(525, 550]",0,0.004,0,0.312,0.534,0.731,0.569
20,"(525, 550]",0,0,0.022,0,0.57,0.707,1
21,"(525, 550]",0,0.008,0,0.084,0,0.791,1
22,"(525, 550]",0,0,0.019,0,0.091,0,0.801
23,"(525, 550]",0,0,0,0.034,0,0.162,0
24,"(525, 550]",0,0,0,0,0.141,0,0.857
25,"(525, 550]",0,0,0,0,0,0.15,0
26,"(525, 550]",0,0,0,0,0,0,0.213
27,"(525, 550]",0,0,0,0,0,0,0
28,"(525, 550]",0,0,0,0,0,0,0
29,"(525, 550]",0,0,0,0,0,0,0
30,"(525, 550]",0,0,0,0,0,0,0
0,"(550, 575]",0.021,0.151,0,0,0,0,0
1,"(550, 575]",0.014,0.26,0.459,0,0,0,0
2,"(550, 575]",0.013,0.191,0.573,0.497,0,0,0
3,"(550, 575]",0.012,0.178,0.516,0.639,0.596,0,0
4,"(550, 575]",0.014,0.161,0.527,0.647,0.684,0.716,0
5,"(550, 575]",0.011,0.161,0.464,0.69,0.712,0.761,0.812
6,"(550, 575]",0.009,0.141,0.464,0.623,0.773,0.811,0.842
7,"(550, 575]",0.009,0.117,0.42,0.65,0.689,0.871,0.919
8,"(550, 575]",0.006,0.102,0.362,0.553,0.702,0.803,0.935
9,"(550, 575]",0.008,0.084,0.335,0.527,0.665,0.836,0.93
10,"(550, 575]",0.011,0.106,0.252,0.495,0.609,0.783,0.986
11,"(550, 575]",0.005,0.14,0.329,0.402,0.589,0.696,0.876
12,"(550, 575]",0.004,0.075,0.406,0.509,0.515,0.76,0.817
13,"(550, 575]",0.005,0.062,0.273,0.58,0.616,0.734,0.954
14,"(550, 575]",0.002,0.075,0.204,0.409,0.68,0.712,0.885
15,"(550, 575]",0.005,0.027,0.232,0.36,0.465,0.752,0.903
16,"(550, 575]",0.004,0.074,0.082,0.311,0.446,0.654,0.902
17,"(550, 575]",0.001,0.048,0.236,0.112,0.389,0.481,0.702
18,"(550, 575]",0,0.024,0.133,0.342,0.147,0.677,0.592
19,"(550, 575]",0,0.004,0.082,0.17,0.451,0.193,0.752
20,"(550, 575]",0,0,0.012,0.189,0.298,0.616,0.324
21,"(550, 575]",0.001,0,0,0.04,0.229,0.451,0.832
22,"(550, 575]",0,0.01,0,0,0.041,0.231,0.51
23,"(550, 575]",0,0,0.09,0,0,0.079,0.588
24,"(550, 575]",0,0,0,0.169,0,0,1
25,"(550, 575]",0,0,0,0,0.198,0,0
26,"(550, 575]",0,0,0,0,0,0.614,0
27,"(550, 575]",0,0,0,0,0,0,1
28,"(550, 575]",0,0,0,0,0,0,0
29,"(550, 575]",0,0,0,0,0,0,0
30,"(550, 575]",0,0,0,0,0,0,0
0,"(575, 600]",0.024,0.161,0,0,0,0,0
1,"(575, 600]",0.013,0.285,0.427,0,0,0,0
2,"(575, 600]",0.014,0.178,0.621,0.522,0,0,0
3,"(575, 600]",0.01,0.185,0.512,0.678,0.604,0,0
4,"(575, 600]",0.011,0.139,0.514,0.623,0.747,0.694,0
5,"(575, 600]",0.009,0.14,0.418,0.631,0.721,0.826,0.756
6,"(575, 600]",0.008,0.113,0.451,0.591,0.724,0.822,0.923
7,"(575, 600]",0.006,0.117,0.351,0.611,0.696,0.841,0.91
8,"(575, 600]",0.008,0.073,0.321,0.499,0.654,0.773,0.975
9,"(575, 600]",0.007,0.111,0.238,0.468,0.611,0.741,0.957
10,"(575, 600]",0.008,0.091,0.363,0.425,0.556,0.797,0.908
11,"(575, 600]",0.006,0.114,0.282,0.493,0.516,0.676,0.941
12,"(575, 600]",0.005,0.079,0.345,0.403,0.656,0.685,0.82
13,"(575, 600]",0.005,0.076,0.254,0.54,0.524,0.799,0.842
14,"(575, 600]",0.003,0.08,0.248,0.322,0.731,0.617,0.889
15,"(575, 600]",0.002,0.037,0.252,0.323,0.359,0.816,0.773
16,"(575, 600]",0.001,0.038,0.122,0.353,0.428,0.44,0.914
17,"(575, 600]",0.001,0.009,0.12,0.172,0.481,0.511,0.623
18,"(575, 600]",0.001,0.023,0.034,0.203,0.246,0.616,0.817
19,"(575, 600]",0.002,0.01,0.091,0.064,0.283,0.379,0.771
20,"(575, 600]",0,0.029,0.049,0.191,0.095,0.422,0.528
21,"(575, 600]",0,0,0.171,0.107,0.266,0.244,1
22,"(575, 600]",0,0,0,0.255,0.113,0.27,0.244
23,"(575, 600]",0,0,0,0,0.33,0.228,0.422
24,"(575, 600]",0,0,0,0,0,0.874,1
25,"(575, 600]",0,0,0,0,0,0,0.916
26,"(575, 600]",0,0,0,0,0,0,0
27,"(575, 600]",0,0,0,0,0,0,0
28,"(575, 600]",0,0,0,0,0,0,0
29,"(575, 600]",0,0,0,0,0,0,0
30,"(575, 600]",0,0,0,0,0,0,0
0,"(600, 625]",0.018,0.129,0,0,0,0,0
1,"(600, 625]",0.012,0.242,0.377,0,0,0,0
2,"(600, 625]",0.011,0.181,0.529,0.437,0,0,0
3,"(600, 625]",0.012,0.164,0.502,0.605,0.53,0,0
4,"(600, 625]",0.01,0.167,0.462,0.643,0.682,0.707,0
5,"(600, 625]",0.011,0.139,0.484,0.586,0.708,0.771,0.814
6,"(600, 625]",0.008,0.15,0.436,0.653,0.692,0.82,0.889
7,"(600, 625]",0.005,0.117,0.433,0.608,0.745,0.759,0.909
8,"(600, 625]",0.007,0.075,0.315,0.58,0.682,0.865,0.886
9,"(600, 625]",0.005,0.107,0.253,0.452,0.695,0.789,0.987
10,"(600, 625]",0.009,0.077,0.372,0.367,0.544,0.793,0.912
11,"(600, 625]",0.007,0.12,0.261,0.501,0.424,0.652,0.85
12,"(600, 625]",0.004,0.104,0.349,0.406,0.635,0.53,0.789
13,"(600, 625]",0.004,0.064,0.33,0.524,0.646,0.797,0.701
14,"(600, 625]",0.002,0.067,0.196,0.487,0.65,0.739,0.866
15,"(600, 625]",0.003,0.03,0.192,0.276,0.536,0.8,0.859
16,"(600, 625]",0.001,0.038,0.095,0.275,0.308,0.67,1
17,"(600, 625]",0,0.02,0.118,0.155,0.311,0.329,0.748
18,"(600, 625]",0,0.001,0.077,0.186,0.263,0.442,0.541
19,"(600, 625]",0,0.007,0.002,0.149,0.283,0.469,0.945
20,"(600, 625]",0,0.008,0.039,0.003,0.194,0.39,0.703
21,"(600, 625]",0.003,0,0.043,0.088,0.006,0.331,0.825
22,"(600, 625]",0,0.048,0,0.053,0.084,0.006,0.332
23,"(600, 625]",0.005,0,0.267,0,0.179,0.19,0.016
24,"(600, 625]",0,0.138,0,0.727,0,0.269,1
25,"(600, 625]",0,0,0.691,0,0.749,0,0.393
26,"(600, 625]",0,0,0,0.657,0,0.774,0
27,"(600, 625]",0,0,0,0,0.726,0,1
28,"(600, 625]",0,0,0,0,0,0.726,0
29,"(600, 625]",0,0,0,0,0,0,1
30,"(600, 625]",0,0,0,0,0,0,0
0,"(625, 650]",0.014,0.125,0,0,0,0,0
1,"(625, 650]",0.011,0.216,0.448,0,0,0,0
2,"(625, 650]",0.011,0.171,0.5,0.596,0,0,0
3,"(625, 650]",0.01,0.169,0.514,0.585,0.571,0,0
4,"(625, 650]",0.009,0.15,0.491,0.654,0.644,0.631,0
5,"(625, 650]",0.008,0.129,0.414,0.629,0.698,0.719,0.765
6,"(625, 650]",0.006,0.123,0.384,0.549,0.705,0.808,0.842
7,"(625, 650]",0.007,0.095,0.409,0.568,0.641,0.804,0.941
8,"(625, 650]",0.006,0.093,0.275,0.524,0.641,0.784,0.923
9,"(625, 650]",0.006,0.081,0.287,0.419,0.618,0.815,0.903
10,"(625, 650]",0.006,0.099,0.26,0.413,0.514,0.719,0.973
11,"(625, 650]",0.005,0.088,0.283,0.394,0.481,0.614,0.847
12,"(625, 650]",0.004,0.088,0.271,0.421,0.52,0.628,0.835
13,"(625, 650]",0.002,0.065,0.331,0.479,0.538,0.755,0.861
14,"(625, 650]",0.001,0.037,0.253,0.434,0.584,0.678,0.981
15,"(625, 650]",0.003,0.023,0.122,0.346,0.457,0.711,0.797
16,"(625, 650]",0.001,0.044,0.076,0.189,0.421,0.527,0.932
17,"(625, 650]",0,0.015,0.135,0.113,0.218,0.528,0.653
18,"(625, 650]",0.001,0.002,0.058,0.234,0.166,0.347,0.673
19,"(625, 650]",0,0.014,0.008,0.117,0.281,0.33,0.509
20,"(625, 650]",0,0.004,0.041,0.013,0.172,0.553,0.665
21,"(625, 650]",0,0,0.019,0.069,0.017,0.451,0.985
22,"(625, 650]",0,0,0,0.028,0.07,0.018,0.451
23,"(625, 650]",0,0.002,0,0,0.042,0.55,0.135
24,"(625, 650]",0,0,0.007,0,0,0.304,1
25,"(625, 650]",0,0,0,0.009,0,0,0.318
26,"(625, 650]",0,0,0,0,0.017,0,0
27,"(625, 650]",0,0,0,0,0,1,0
28,"(625, 650]",0,0,0,0,0,0,1
29,"(625, 650]",0,0,0,0,0,0,0
30,"(625, 650]",0,0,0,0,0,0,0
0,"(650, 675]",0.013,0.104,0,0,0,0,0
1,"(650, 675]",0.008,0.212,0.466,0,0,0,0
2,"(650, 675]",0.009,0.155,0.531,0.566,0,0,0
3,"(650, 675]",0.009,0.142,0.466,0.623,0.585,0,0
4,"(650, 675]",0.009,0.136,0.441,0.616,0.698,0.688,0
5,"(650, 675]",0.007,0.13,0.41,0.59,0.691,0.78,0.85
6,"(650, 675]",0.007,0.107,0.423,0.557,0.668,0.805,0.879
7,"(650, 675]",0.007,0.109,0.316,0.571,0.631,0.791,0.921
8,"(650, 675]",0.006,0.116,0.33,0.435,0.673,0.707,0.882
9,"(650, 675]",0.006,0.098,0.351,0.481,0.537,0.818,0.873
10,"(650, 675]",0.006,0.088,0.357,0.454,0.563,0.688,0.951
11,"(650, 675]",0.005,0.09,0.307,0.455,0.531,0.667,0.794
12,"(650, 675]",0.004,0.088,0.303,0.462,0.588,0.666,0.861
13,"(650, 675]",0.004,0.08,0.336,0.56,0.596,0.874,0.875
14,"(650, 675]",0.001,0.059,0.282,0.431,0.683,0.671,1
15,"(650, 675]",0.004,0.022,0.187,0.386,0.612,0.734,0.941
16,"(650, 675]",0.001,0.06,0.082,0.276,0.447,0.821,0.95
17,"(650, 675]",0.001,0.025,0.177,0.154,0.321,0.518,0.868
18,"(650, 675]",0.002,0.013,0.098,0.328,0.227,0.488,0.658
19,"(650, 675]",0.001,0.036,0.038,0.158,0.399,0.39,0.69
20,"(650, 675]",0,0.024,0.15,0.07,0.332,0.734,0.647
21,"(650, 675]",0,0,0.192,0.283,0.099,0.491,1
22,"(650, 675]",0,0,0,0.244,0.305,0.099,0.617
23,"(650, 675]",0,0,0,0,0.301,0.736,0.154
24,"(650, 675]",0,0,0,0,0,0.6,1
25,"(650, 675]",0,0,0,0,0,0,0.6
26,"(650, 675]",0,0,0,0,0,0,0
27,"(650, 675]",0,0,0,0,0,0,0
28,"(650, 675]",0,0,0,0,0,0,0
29,"(650, 675]",0,0,0,0,0,0,0
30,"(650, 675]",0,0,0,0,0,0,0
0,"(675, 700]",0.012,0.093,0,0,0,0,0
1,"(675, 700]",0.008,0.207,0.343,0,0,0,0
2,"(675, 700]",0.009,0.152,0.526,0.409,0,0,0
3,"(675, 700]",0.007,0.152,0.464,0.605,0.507,0,0
4,"(675, 700]",0.008,0.125,0.46,0.629,0.68,0.642,0
5,"(675, 700]",0.007,0.12,0.398,0.585,0.677,0.772,0.724
6,"(675, 700]",0.006,0.11,0.357,0.546,0.666,0.784,0.851
7,"(675, 700]",0.005,0.103,0.335,0.484,0.673,0.747,0.93
8,"(675, 700]",0.003,0.083,0.292,0.439,0.578,0.789,0.857
9,"(675, 700]",0.005,0.062,0.273,0.395,0.544,0.724,0.91
10,"(675, 700]",0.005,0.084,0.224,0.429,0.502,0.647,0.862
11,"(675, 700]",0.003,0.081,0.276,0.385,0.524,0.647,0.796
12,"(675, 700]",0.004,0.056,0.315,0.401,0.477,0.7,0.794
13,"(675, 700]",0.003,0.082,0.235,0.511,0.575,0.664,0.864
14,"(675, 700]",0.002,0.056,0.238,0.369,0.58,0.742,0.921
15,"(675, 700]",0.003,0.031,0.15,0.327,0.433,0.709,0.93
16,"(675, 700]",0.003,0.056,0.111,0.21,0.38,0.502,0.873
17,"(675, 700]",0.002,0.051,0.185,0.15,0.242,0.443,0.582
18,"(675, 700]",0.002,0.031,0.238,0.338,0.188,0.491,0.644
19,"(675, 700]",0.004,0.035,0.118,0.416,0.436,0.36,0.762
20,"(675, 700]",0,0.107,0.105,0.219,0.563,0.689,0.524
21,"(675, 700]",0,0,0.515,0.19,0.323,0.718,0.977
22,"(675, 700]",0,0.004,0,0.781,0.193,0.329,0.799
23,"(675, 700]",0,0,0.019,0,0.845,0.423,0.564
24,"(675, 700]",0,0,0,0.069,0,0.874,1
25,"(675, 700]",0,0,0,0,0.073,0,0.874
26,"(675, 700]",0,0,0,0,0,0.094,0
27,"(675, 700]",0,0,0,0,0,0,1
28,"(675, 700]",0,0,0,0,0,0,0
29,"(675, 700]",0,0,0,0,0,0,0
30,"(675, 700]",0,0,0,0,0,0,0
0,"(700, 725]",0.011,0.111,0,0,0,0,0
1,"(700, 725]",0.008,0.204,0.354,0,0,0,0
2,"(700, 725]",0.007,0.163,0.521,0.506,0,0,0
3,"(700, 725]",0.007,0.137,0.483,0.611,0.604,0,0
4,"(700, 725]",0.007,0.126,0.393,0.626,0.679,0.696,0
5,"(700, 725]",0.005,0.124,0.373,0.536,0.714,0.767,0.877
6,"(700, 725]",0.006,0.092,0.39,0.497,0.652,0.789,0.887
7,"(700, 725]",0.005,0.11,0.283,0.504,0.585,0.775,0.907
8,"(700, 725]",0.004,0.092,0.305,0.412,0.561,0.759,0.893
9,"(700, 725]",0.005,0.076,0.332,0.41,0.53,0.714,0.936
10,"(700, 725]",0.003,0.086,0.231,0.483,0.482,0.694,0.925
11,"(700, 725]",0.003,0.057,0.314,0.339,0.563,0.612,0.814
12,"(700, 725]",0.002,0.063,0.228,0.5,0.476,0.709,0.885
13,"(700, 725]",0.002,0.051,0.215,0.447,0.649,0.688,0.842
14,"(700, 725]",0.004,0.047,0.184,0.38,0.527,0.751,0.837
15,"(700, 725]",0.003,0.062,0.169,0.225,0.436,0.638,0.945
16,"(700, 725]",0.001,0.059,0.176,0.274,0.281,0.54,0.823
17,"(700, 725]",0.001,0.015,0.215,0.26,0.326,0.513,0.592
18,"(700, 725]",0,0.016,0.051,0.31,0.471,0.649,0.658
19,"(700, 725]",0,0.009,0.056,0.094,0.493,0.534,1
20,"(700, 725]",0.002,0.013,0.034,0.085,0.21,0.757,0.786
21,"(700, 725]",0,0.048,0.065,0.068,0.137,0.278,0.91
22,"(700, 725]",0,0.007,0.152,0.085,0.07,0.139,0.358
23,"(700, 725]",0,0,0.032,0.487,0.129,0.39,0.22
24,"(700, 725]",0,0.022,0,0.203,0.833,0.955,1
25,"(700, 725]",0,0,0.085,0,0.203,0.833,0.955
26,"(700, 725]",0,0,0,0.113,0,1,0.833
27,"(700, 725]",0,0,0,0,0.203,0,1
28,"(700, 725]",0,0,0,0,0,0.203,0
29,"(700, 725]",0,0,0,0,0,0,0.321
30,"(700, 725]",0,0,0,0,0,0,0
0,"(725, 750]",0.011,0.145,0,0,0,0,0
1,"(725, 750]",0.008,0.202,0.525,0,0,0,0
2,"(725, 750]",0.007,0.158,0.519,0.578,0,0,0
3,"(725, 750]",0.006,0.129,0.444,0.598,0.608,0,0
4,"(725, 750]",0.008,0.111,0.403,0.601,0.651,0.694,0
5,"(725, 750]",0.005,0.136,0.349,0.553,0.687,0.754,0.759
6,"(725, 750]",0.005,0.083,0.443,0.522,0.644,0.81,0.886
7,"(725, 750]",0.005,0.089,0.263,0.578,0.634,0.731,0.942
8,"(725, 750]",0.005,0.082,0.285,0.405,0.643,0.74,0.859
9,"(725, 750]",0.005,0.084,0.277,0.424,0.483,0.799,0.941
10,"(725, 750]",0.002,0.102,0.312,0.395,0.499,0.599,0.92
11,"(725, 750]",0.003,0.044,0.321,0.458,0.487,0.639,0.718
12,"(725, 750]",0.003,0.064,0.172,0.441,0.606,0.727,0.896
13,"(725, 750]",0.003,0.063,0.263,0.322,0.603,0.811,0.884
14,"(725, 750]",0.001,0.058,0.237,0.376,0.426,0.809,0.971
15,"(725, 750]",0.003,0.025,0.172,0.347,0.409,0.523,0.882
16,"(725, 750]",0.001,0.047,0.082,0.297,0.449,0.52,0.778
17,"(725, 750]",0,0.017,0.145,0.122,0.38,0.582,0.674
18,"(725, 750]",0.002,0.008,0.061,0.242,0.171,0.558,0.756
19,"(725, 750]",0,0.038,0.038,0.111,0.317,0.27,0.761
20,"(725, 750]",0,0,0.154,0.07,0.242,0.72,0.474
21,"(725, 750]",0,0,0,0.349,0.134,0.855,1
22,"(725, 750]",0,0.001,0,0,0.342,0.139,0.889
23,"(725, 750]",0,0,0.004,0,0,0.965,0.37
24,"(725, 750]",0,0,0,0.006,0,0,1
25,"(725, 750]",0,0,0,0,0.006,0,0
26,"(725, 750]",0,0,0,0,0,0.015,0
27,"(725, 750]",0,0,0,0,0,0,1
28,"(725, 750]",0,0,0,0,0,0,0
29,"(725, 750]",0,0,0,0,0,0,0
30,"(725, 750]",0,0,0,0,0,0,0
0,"(75, 100]",0.122,0.438,0,0,0,0,0
1,"(75, 100]",0.106,0.508,0.648,0,0,0,0
2,"(75, 100]",0.108,0.542,0.768,0.962,0,0,0
3,"(75, 100]",0.106,0.503,1,0.904,1,0,0
4,"(75, 100]",0.092,0.483,0.92,1,0.935,1,0
5,"(75, 100]",0.118,0.34,0.92,1,1,0.949,1
6,"(75, 100]",0.074,0.487,0.798,1,0.986,1,0.959
7,"(75, 100]",0.085,0.319,0.831,0.885,0.962,0.996,1
8,"(75, 100]",0.036,0.366,0.724,1,0.887,0.97,1
9,"(75, 100]",0.06,0.187,0.825,0.879,0.977,0.928,1
10,"(75, 100]",0.084,0.305,0.705,0.983,0.909,0.997,1
11,"(75, 100]",0.05,0.35,0.689,0.944,0.954,1,1
12,"(75, 100]",0.026,0.259,0.77,0.869,0.847,1,1
13,"(75, 100]",0.021,0.139,0.569,0.924,0.793,0.93,1
14,"(75, 100]",0.008,0.102,0.544,0.661,0.947,0.894,0.943
15,"(75, 100]",0.011,0.049,0.289,0.753,0.669,1,1
16,"(75, 100]",0,0.057,0.202,0.425,0.793,0.776,1
17,"(75, 100]",0,0,0.195,0.302,0.499,0.885,0.781
18,"(75, 100]",0,0,0,0.257,0.345,0.536,1
19,"(75, 100]",0,0,0,0,0.413,0.368,0.64
20,"(75, 100]",0,0,0,0,0,0.714,0.374
21,"(75, 100]",0,0,0,0,0,0,1
22,"(75, 100]",0,0,0,0,0,0,0
23,"(75, 100]",0,0,0,0,0,0,0
24,"(75, 100]",0,0,0,0,0,0,0
25,"(75, 100]",0,0,0,0,0,0,0
26,"(75, 100]",0,0,0,0,0,0,0
27,"(75, 100]",0,0,0,0,0,0,0
28,"(75, 100]",0,0,0,0,0,0,0
0,"(750, 775]",0.01,0.159,0,0,0,0,0
1,"(750, 775]",0.007,0.201,0.524,0,0,0,0
2,"(750, 775]",0.007,0.156,0.497,0.679,0,0,0
3,"(750, 775]",0.006,0.144,0.457,0.591,0.654,0,0
4,"(750, 775]",0.005,0.119,0.461,0.567,0.649,0.694,0
5,"(750, 775]",0.005,0.104,0.407,0.552,0.664,0.704,0.739
6,"(750, 775]",0.004,0.095,0.364,0.572,0.65,0.801,0.85
7,"(750, 775]",0.003,0.083,0.325,0.479,0.645,0.755,0.955
8,"(750, 775]",0.004,0.058,0.278,0.423,0.561,0.748,0.881
9,"(750, 775]",0.004,0.077,0.229,0.428,0.515,0.708,0.944
10,"(750, 775]",0.003,0.08,0.295,0.334,0.517,0.678,0.907
11,"(750, 775]",0.003,0.068,0.255,0.395,0.404,0.634,0.839
12,"(750, 775]",0.003,0.06,0.27,0.406,0.52,0.539,0.922
13,"(750, 775]",0.002,0.057,0.292,0.422,0.516,0.704,0.797
14,"(750, 775]",0.002,0.04,0.199,0.471,0.537,0.659,0.828
15,"(750, 775]",0.004,0.034,0.138,0.312,0.492,0.628,0.843
16,"(750, 775]",0.002,0.076,0.121,0.204,0.392,0.654,0.923
17,"(750, 775]",0,0.036,0.232,0.169,0.238,0.465,0.821
18,"(750, 775]",0.001,0.006,0.129,0.483,0.217,0.316,0.759
19,"(750, 775]",0,0.027,0.028,0.186,0.572,0.376,0.735
20,"(750, 775]",0.001,0.011,0.091,0.062,0.366,0.723,0.531
21,"(750, 775]",0,0.023,0.05,0.186,0.079,0.754,1
22,"(750, 775]",0,0,0.094,0.094,0.187,0.085,0.768
23,"(750, 775]",0,0.006,0,0.159,0.126,0.423,0.171
24,"(750, 775]",0,0,0.052,0,0.319,0.782,0.984
25,"(750, 775]",0,0,0,0.113,0,0.322,0.782
26,"(750, 775]",0,0,0,0,0.313,0,0.638
27,"(750, 775]",0,0,0,0,0,1,0
28,"(750, 775]",0,0,0,0,0,0,1
29,"(750, 775]",0,0,0,0,0,0,0
30,"(750, 775]",0,0,0,0,0,0,0
0,"(775, 800]",0.008,0.101,0,0,0,0,0
1,"(775, 800]",0.006,0.184,0.406,0,0,0,0
2,"(775, 800]",0.005,0.141,0.501,0.551,0,0,0
3,"(775, 800]",0.004,0.115,0.45,0.612,0.634,0,0
4,"(775, 800]",0.004,0.096,0.393,0.648,0.653,0.669,0
5,"(775, 800]",0.004,0.089,0.332,0.55,0.708,0.718,0.727
6,"(775, 800]",0.003,0.093,0.335,0.486,0.634,0.828,0.817
7,"(775, 800]",0.003,0.064,0.339,0.491,0.547,0.736,0.918
8,"(775, 800]",0.004,0.069,0.22,0.475,0.593,0.65,0.886
9,"(775, 800]",0.004,0.09,0.265,0.316,0.58,0.705,0.813
10,"(775, 800]",0.005,0.078,0.298,0.423,0.385,0.747,0.885
11,"(775, 800]",0.003,0.106,0.273,0.445,0.524,0.487,0.885
12,"(775, 800]",0.003,0.059,0.393,0.475,0.559,0.65,0.761
13,"(775, 800]",0.003,0.067,0.235,0.577,0.591,0.774,0.906
14,"(775, 800]",0.002,0.065,0.237,0.368,0.634,0.723,0.888
15,"(775, 800]",0.003,0.044,0.244,0.353,0.407,0.808,0.83
16,"(775, 800]",0.001,0.06,0.147,0.389,0.457,0.501,0.884
17,"(775, 800]",0.001,0.027,0.187,0.24,0.459,0.597,0.625
18,"(775, 800]",0.001,0.022,0.077,0.392,0.315,0.63,0.917
19,"(775, 800]",0,0.029,0.082,0.134,0.611,0.358,0.759
20,"(775, 800]",0,0.004,0.123,0.211,0.202,0.978,0.667
21,"(775, 800]",0,0.007,0.019,0.223,0.361,0.238,1
22,"(775, 800]",0,0,0.022,0.023,0.213,0.382,0.472
23,"(775, 800]",0,0,0,0.038,0.061,0.393,0.645
24,"(775, 800]",0,0,0,0,0.232,1,1
25,"(775, 800]",0,0,0,0,0,0.245,1
26,"(775, 800]",0,0,0,0,0,0,0.589
27,"(775, 800]",0,0,0,0,0,0,0
28,"(775, 800]",0,0,0,0,0,0,0
29,"(775, 800]",0,0,0,0,0,0,0
30,"(775, 800]",0,0,0,0,0,0,0
0,"(800, 825]",0.009,0.096,0,0,0,0,0
1,"(800, 825]",0.005,0.204,0.436,0,0,0,0
2,"(800, 825]",0.004,0.136,0.504,0.509,0,0,0
3,"(800, 825]",0.004,0.105,0.465,0.59,0.567,0,0
4,"(800, 825]",0.004,0.103,0.363,0.643,0.644,0.642,0
5,"(800, 825]",0.005,0.096,0.37,0.5,0.705,0.77,0.855
6,"(800, 825]",0.004,0.111,0.365,0.553,0.6,0.821,0.87
7,"(800, 825]",0.002,0.092,0.363,0.534,0.619,0.716,0.898
8,"(800, 825]",0.004,0.046,0.344,0.552,0.64,0.722,0.869
9,"(800, 825]",0.003,0.079,0.215,0.52,0.631,0.752,0.808
10,"(800, 825]",0.003,0.058,0.316,0.322,0.614,0.725,0.927
11,"(800, 825]",0.003,0.076,0.198,0.47,0.409,0.721,0.866
12,"(800, 825]",0.003,0.075,0.298,0.363,0.55,0.635,0.918
13,"(800, 825]",0.003,0.074,0.295,0.424,0.504,0.69,0.846
14,"(800, 825]",0.002,0.071,0.229,0.39,0.54,0.763,0.766
15,"(800, 825]",0.001,0.059,0.23,0.326,0.477,0.727,0.872
16,"(800, 825]",0.001,0.032,0.198,0.358,0.442,0.6,0.838
17,"(800, 825]",0,0.022,0.109,0.269,0.44,0.534,0.792
18,"(800, 825]",0.001,0.003,0.084,0.2,0.395,0.623,0.769
19,"(800, 825]",0.001,0.024,0.012,0.159,0.319,0.587,0.737
20,"(800, 825]",0,0.022,0.137,0.019,0.237,0.602,0.78
21,"(800, 825]",0.002,0.004,0.059,0.361,0.032,0.422,1
22,"(800, 825]",0,0.041,0.016,0.068,0.472,0.032,0.423
23,"(800, 825]",0,0,0.426,0.021,0.088,0.483,0.057
24,"(800, 825]",0,0,0,0.91,0.072,0.471,1
25,"(800, 825]",0,0,0,0,0.911,0.075,0.476
26,"(800, 825]",0,0,0,0,0,0.911,0.088
27,"(800, 825]",0,0,0,0,0,0,1
28,"(800, 825]",0,0,0,0,0,0,0
29,"(800, 825]",0,0,0,0,0,0,0
30,"(800, 825]",0,0,0,0,0,0,0
0,"(825, 850]",0.008,0.122,0,0,0,0,0
1,"(825, 850]",0.005,0.204,0.439,0,0,0,0
2,"(825, 850]",0.005,0.145,0.519,0.519,0,0,0
3,"(825, 850]",0.004,0.128,0.514,0.649,0.563,0,0
4,"(825, 850]",0.004,0.102,0.459,0.653,0.709,0.697,0
5,"(825, 850]",0.003,0.096,0.389,0.618,0.734,0.792,0.882
6,"(825, 850]",0.004,0.071,0.397,0.552,0.668,0.821,0.859
7,"(825, 850]",0.004,0.09,0.264,0.535,0.627,0.74,0.923
8,"(825, 850]",0.002,0.079,0.326,0.405,0.611,0.749,0.928
9,"(825, 850]",0.004,0.045,0.279,0.465,0.51,0.715,0.896
10,"(825, 850]",0.003,0.093,0.194,0.413,0.529,0.644,0.858
11,"(825, 850]",0.002,0.08,0.321,0.324,0.513,0.677,0.812
12,"(825, 850]",0.002,0.05,0.292,0.478,0.438,0.622,0.918
13,"(825, 850]",0.001,0.053,0.208,0.453,0.629,0.617,0.813
14,"(825, 850]",0.001,0.032,0.207,0.33,0.557,0.823,0.723
15,"(825, 850]",0.002,0.026,0.121,0.328,0.457,0.772,0.938
16,"(825, 850]",0.001,0.039,0.099,0.19,0.442,0.505,0.931
17,"(825, 850]",0,0.026,0.125,0.128,0.244,0.556,0.633
18,"(825, 850]",0,0.002,0.115,0.281,0.184,0.538,0.915
19,"(825, 850]",0,0.002,0.01,0.215,0.365,0.32,0.743
20,"(825, 850]",0,0,0.017,0.018,0.47,0.781,0.455
21,"(825, 850]",0.001,0.005,0,0.036,0.027,0.637,1
22,"(825, 850]",0,0.021,0.018,0,0.039,0.029,0.652
23,"(825, 850]",0,0.008,0.142,0.038,0,0.459,0.084
24,"(825, 850]",0,0,0.059,0.854,0.241,0,1
25,"(825, 850]",0,0,0,0.065,0.854,0.264,0
26,"(825, 850]",0,0,0,0,0.071,0.854,1
27,"(825, 850]",0,0,0,0,0,0.632,1
28,"(825, 850]",0,0,0,0,0,0,0.632
29,"(825, 850]",0,0,0,0,0,0,0
30,"(825, 850]",0,0,0,0,0,0,0
0,"(850, 875]",0.005,0.151,0,0,0,0,0
1,"(850, 875]",0.004,0.152,0.419,0,0,0,0
2,"(850, 875]",0.003,0.136,0.46,0.491,0,0,0
3,"(850, 875]",0.003,0.11,0.443,0.524,0.525,0,0
4,"(850, 875]",0.003,0.085,0.446,0.586,0.598,0.61,0
5,"(850, 875]",0.003,0.086,0.354,0.591,0.651,0.709,0.757
6,"(850, 875]",0.003,0.085,0.382,0.533,0.689,0.713,0.86
7,"(850, 875]",0.003,0.096,0.298,0.521,0.632,0.855,0.834
8,"(850, 875]",0.003,0.07,0.335,0.432,0.648,0.722,0.995
9,"(850, 875]",0.003,0.07,0.258,0.532,0.488,0.81,0.862
10,"(850, 875]",0.002,0.065,0.287,0.387,0.63,0.636,0.929
11,"(850, 875]",0.002,0.071,0.261,0.39,0.476,0.793,0.724
12,"(850, 875]",0.002,0.062,0.289,0.397,0.497,0.665,0.923
13,"(850, 875]",0.002,0.064,0.234,0.462,0.566,0.732,0.751
14,"(850, 875]",0.001,0.047,0.284,0.355,0.589,0.707,0.818
15,"(850, 875]",0.001,0.032,0.206,0.392,0.417,0.723,0.922
16,"(850, 875]",0.001,0.023,0.144,0.42,0.505,0.549,0.902
17,"(850, 875]",0,0.022,0.099,0.232,0.472,0.595,0.698
18,"(850, 875]",0.001,0.004,0.12,0.215,0.35,0.592,1
19,"(850, 875]",0.002,0.037,0.026,0.319,0.323,0.404,0.939
20,"(850, 875]",0.001,0.064,0.12,0.062,0.389,0.816,0.651
21,"(850, 875]",0,0.035,0.241,0.176,0.115,0.522,1
22,"(850, 875]",0,0.002,0.096,0.31,0.176,0.127,0.53
23,"(850, 875]",0,0,0.012,0.202,0.46,0.244,0.188
24,"(850, 875]",0,0,0,0.031,0.454,1,0.859
25,"(850, 875]",0,0,0,0,0.034,0.637,1
26,"(850, 875]",0,0,0,0,0,0.039,0.901
27,"(850, 875]",0,0,0,0,0,0,1
28,"(850, 875]",0,0,0,0,0,0,0
29,"(850, 875]",0,0,0,0,0,0,0
30,"(850, 875]",0,0,0,0,0,0,0
0,"(875, 900]",0.007,0.143,0,0,0,0,0
1,"(875, 900]",0.003,0.217,0.481,0,0,0,0
2,"(875, 900]",0.004,0.12,0.584,0.532,0,0,0
3,"(875, 900]",0.003,0.126,0.43,0.669,0.734,0,0
4,"(875, 900]",0.003,0.087,0.441,0.588,0.746,0.876,0
5,"(875, 900]",0.003,0.094,0.375,0.63,0.681,0.789,0.957
6,"(875, 900]",0.002,0.09,0.341,0.613,0.711,0.795,0.866
7,"(875, 900]",0.002,0.058,0.361,0.497,0.761,0.785,0.985
8,"(875, 900]",0.002,0.067,0.234,0.489,0.566,0.797,0.907
9,"(875, 900]",0.002,0.07,0.311,0.359,0.585,0.689,0.941
10,"(875, 900]",0.002,0.051,0.288,0.453,0.428,0.686,0.868
11,"(875, 900]",0.002,0.06,0.205,0.483,0.527,0.551,0.785
12,"(875, 900]",0.001,0.058,0.224,0.336,0.585,0.671,0.902
13,"(875, 900]",0.001,0.041,0.262,0.442,0.458,0.737,0.888
14,"(875, 900]",0.001,0.042,0.17,0.399,0.506,0.539,0.846
15,"(875, 900]",0.001,0.034,0.143,0.261,0.491,0.705,0.703
16,"(875, 900]",0,0.026,0.131,0.214,0.344,0.603,0.835
17,"(875, 900]",0.001,0.015,0.09,0.199,0.229,0.441,0.651
18,"(875, 900]",0,0.036,0.067,0.23,0.248,0.315,0.552
19,"(875, 900]",0.001,0,0.128,0.114,0.394,0.367,0.6
20,"(875, 900]",0,0.018,0,0.246,0.222,0.691,0.567
21,"(875, 900]",0,0.014,0.1,0,0.4,0.291,1
22,"(875, 900]",0,0.006,0.039,0.124,0,0.414,0.319
23,"(875, 900]",0,0,0.021,0.053,0.193,0,0.571
24,"(875, 900]",0,0,0,0.083,0.372,0.679,0
25,"(875, 900]",0,0,0,0,0.086,0.399,0.708
26,"(875, 900]",0,0,0,0,0,0.592,0.465
27,"(875, 900]",0,0,0,0,0,0,1
28,"(875, 900]",0,0,0,0,0,0,0
29,"(875, 900]",0,0,0,0,0,0,0
30,"(875, 900]",0,0,0,0,0,0,0
0,"(900, 925]",0.005,0.096,0,0,0,0,0
1,"(900, 925]",0.002,0.179,0.564,0,0,0,0
2,"(900, 925]",0.003,0.086,0.483,0.625,0,0,0
3,"(900, 925]",0.003,0.115,0.342,0.615,0.634,0,0
4,"(900, 925]",0.002,0.104,0.438,0.476,0.68,0.829,0
5,"(900, 925]",0.002,0.089,0.489,0.607,0.545,0.752,0.965
6,"(900, 925]",0.002,0.06,0.41,0.703,0.752,0.704,0.866
7,"(900, 925]",0.003,0.065,0.275,0.53,0.736,0.799,0.81
8,"(900, 925]",0.002,0.083,0.326,0.425,0.607,0.828,0.898
9,"(900, 925]",0.002,0.059,0.3,0.501,0.568,0.755,0.965
10,"(900, 925]",0.001,0.069,0.348,0.45,0.566,0.639,0.861
11,"(900, 925]",0.002,0.048,0.316,0.556,0.576,0.791,0.779
12,"(900, 925]",0.002,0.061,0.181,0.457,0.742,0.699,1
13,"(900, 925]",0.001,0.061,0.24,0.313,0.57,0.961,0.836
14,"(900, 925]",0.001,0.046,0.225,0.371,0.374,0.668,1
15,"(900, 925]",0.001,0.026,0.157,0.412,0.463,0.614,0.87
16,"(900, 925]",0.002,0.047,0.116,0.244,0.481,0.566,0.722
17,"(900, 925]",0,0.061,0.187,0.186,0.326,0.544,0.796
18,"(900, 925]",0.001,0.009,0.244,0.296,0.328,0.484,0.729
19,"(900, 925]",0,0.025,0.042,0.418,0.413,0.491,0.591
20,"(900, 925]",0,0.004,0.165,0.086,0.661,0.544,0.608
21,"(900, 925]",0,0.013,0.031,0.247,0.147,0.86,0.99
22,"(900, 925]",0,0,0.037,0.06,0.252,0.148,0.876
23,"(900, 925]",0,0.013,0,0.197,0.109,0.527,0.496
24,"(900, 925]",0.001,0,1,0,0.467,1,0.985
25,"(900, 925]",0,0.022,0,1,0,0.485,1
26,"(900, 925]",0,0,0.101,0,1,0,1
27,"(900, 925]",0,0,0,0.144,0,1,0
28,"(900, 925]",0,0,0,0,0.144,0,1
29,"(900, 925]",0,0,0,0,0,1,0
30,"(900, 925]",0,0,0,0,0,0,1
0,"(925, 950]",0.004,0.151,0,0,0,0,0
1,"(925, 950]",0.002,0.172,0.616,0,0,0,0
2,"(925, 950]",0.002,0.093,0.489,0.777,0,0,0
3,"(925, 950]",0.001,0.104,0.453,0.571,0.948,0,0
4,"(925, 950]",0.002,0.065,0.454,0.591,0.615,0.948,0
5,"(925, 950]",0.002,0.091,0.298,0.656,0.605,0.696,1
6,"(925, 950]",0.002,0.062,0.33,0.607,0.711,0.72,0.846
7,"(925, 950]",0.001,0.075,0.306,0.524,0.722,0.822,0.855
8,"(925, 950]",0.002,0.044,0.339,0.523,0.645,0.818,0.873
9,"(925, 950]",0.002,0.082,0.219,0.506,0.627,0.751,0.938
10,"(925, 950]",0.001,0.068,0.403,0.335,0.655,0.684,0.994
11,"(925, 950]",0.001,0.058,0.295,0.62,0.363,0.756,0.811
12,"(925, 950]",0.001,0.042,0.306,0.46,0.785,0.531,0.881
13,"(925, 950]",0.001,0.056,0.171,0.54,0.525,0.894,0.791
14,"(925, 950]",0.001,0.028,0.248,0.235,0.647,0.585,0.914
15,"(925, 950]",0.001,0.031,0.114,0.33,0.322,0.737,0.632
16,"(925, 950]",0.001,0.057,0.137,0.156,0.399,0.44,0.989
17,"(925, 950]",0,0.042,0.219,0.167,0.166,0.588,0.497
18,"(925, 950]",0,0.013,0.239,0.363,0.338,0.235,0.836
19,"(925, 950]",0,0.012,0.061,0.38,0.465,0.502,0.423
20,"(925, 950]",0,0.023,0.058,0.188,0.654,0.806,0.652
21,"(925, 950]",0,0,0.189,0.104,0.183,0.839,0.993
22,"(925, 950]",0,0,0,0.172,0.111,0.194,0.884
23,"(925, 950]",0,0,0,0,0.248,0.302,0.363
24,"(925, 950]",0,0.028,0,0,0,0.558,1
25,"(925, 950]",0,0,0.053,0,0,0,0.558
26,"(925, 950]",0,0,0,0.066,0,0,0
27,"(925, 950]",0,0,0,0,0.179,0,0
28,"(925, 950]",0,0,0,0,0,0.179,0
29,"(925, 950]",0,0,0,0,0,0,0.179
30,"(925, 950]",0,0,0,0,0,0,0
0,"(950, 975]",0.004,0.071,0,0,0,0,0
1,"(950, 975]",0.002,0.243,0.332,0,0,0,0
2,"(950, 975]",0.001,0.111,0.636,0.342,0,0,0
3,"(950, 975]",0.001,0.065,0.597,0.66,0.35,0,0
4,"(950, 975]",0.001,0.04,0.357,0.763,0.708,0.403,0
5,"(950, 975]",0.002,0.071,0.272,0.553,0.778,0.737,0.403
6,"(950, 975]",0.002,0.075,0.303,0.496,0.715,0.939,0.762
7,"(950, 975]",0.001,0.074,0.345,0.5,0.563,0.808,1
8,"(950, 975]",0.001,0.033,0.351,0.49,0.564,0.708,0.873
9,"(950, 975]",0.001,0.053,0.179,0.577,0.575,0.704,0.949
10,"(950, 975]",0.001,0.066,0.29,0.383,0.587,0.629,0.928
11,"(950, 975]",0.001,0.059,0.445,0.397,0.499,0.668,0.832
12,"(950, 975]",0.001,0.042,0.347,0.58,0.442,0.697,0.97
13,"(950, 975]",0,0.05,0.203,0.508,0.674,0.545,0.741
14,"(950, 975]",0.001,0.014,0.184,0.374,0.564,0.777,0.678
15,"(950, 975]",0.001,0.041,0.068,0.223,0.365,0.699,1
16,"(950, 975]",0.001,0.039,0.196,0.102,0.38,0.437,0.946
17,"(950, 975]",0,0.061,0.173,0.24,0.136,0.45,0.853
18,"(950, 975]",0.001,0.018,0.3,0.327,0.36,0.314,0.852
19,"(950, 975]",0.001,0.033,0.152,0.423,0.46,0.481,0.332
20,"(950, 975]",0,0.064,0.14,0.309,0.623,0.612,0.719
21,"(950, 975]",0,0.011,0.286,0.236,0.469,0.916,0.942
22,"(950, 975]",0,0,0.076,0.286,0.277,0.503,0.959
23,"(950, 975]",0,0,0,0.132,0.43,0.313,0.634
24,"(950, 975]",0,0,0,0,0.77,0.529,0.98
25,"(950, 975]",0,0,0,0,0,0.796,0.771
26,"(950, 975]",0,0,0,0,0,0,0.904
27,"(950, 975]",0,0,0,0,0,0,0
28,"(950, 975]",0,0,0,0,0,0,0
29,"(950, 975]",0,0,0,0,0,0,0
30,"(950, 975]",0,0,0,0,0,0,0
0,"(975, 1000]",0.002,0.021,0,0,0,0,0
1,"(975, 1000]",0.001,0.128,0.155,0,0,0,0
2,"(975, 1000]",0,0.063,0.508,1,0,0,0
3,"(975, 1000]",0.001,0.015,0.415,0.677,1,0,0
4,"(975, 1000]",0.002,0.043,0.137,0.802,0.639,1,0
5,"(975, 1000]",0.001,0.097,0.292,0.386,0.787,0.836,1
6,"(975, 1000]",0.001,0.051,0.5,0.517,0.604,0.993,0.949
7,"(975, 1000]",0.001,0.047,0.294,0.719,0.544,0.723,1
8,"(975, 1000]",0.001,0.036,0.372,0.45,0.737,0.55,0.939
9,"(975, 1000]",0.001,0.052,0.225,0.453,0.511,0.822,0.818
10,"(975, 1000]",0.002,0.047,0.292,0.305,0.676,0.594,0.89
11,"(975, 1000]",0.001,0.082,0.288,0.494,0.61,0.789,0.773
12,"(975, 1000]",0.001,0.032,0.359,0.382,0.59,0.622,1
13,"(975, 1000]",0.001,0.031,0.17,0.454,0.453,0.757,0.933
14,"(975, 1000]",0.001,0.049,0.173,0.264,0.604,0.589,0.792
15,"(975, 1000]",0.001,0.029,0.243,0.223,0.299,0.677,0.657
16,"(975, 1000]",0.001,0.026,0.223,0.396,0.285,0.385,0.746
17,"(975, 1000]",0,0.044,0.166,0.277,0.423,0.592,0.878
18,"(975, 1000]",0,0.005,0.234,0.285,0.378,0.537,0.699
19,"(975, 1000]",0,0,0.032,0.282,0.346,0.44,0.612
20,"(975, 1000]",0,0.018,0,0.059,0.552,0.688,0.584
21,"(975, 1000]",0,0,0.195,0,0.204,0.552,1
22,"(975, 1000]",0.001,0,0,0.219,0,0.207,0.552
23,"(975, 1000]",0,0.073,0,0,0.526,0,0.216
24,"(975, 1000]",0,0,0.45,0,0,0.937,0
25,"(975, 1000]",0,0,0,0.528,0,0,1
26,"(975, 1000]",0,0,0,0,0.538,0,0
27,"(975, 1000]",0,0,0,0,0,0.789,0
28,"(975, 1000]",0,0,0,0,0,0,0.818
29,"(975, 1000]",0,0,0,0,0,0,0
30,"(975, 1000]",0,0,0,0,0,0,0